Date,Day,Month num,Month,Year,Quarter,QY
01-Jul-14,1,7,Jul,2014,Q3,Q3-2014
02-Jul-14,2,7,Jul,2014,Q3,Q3-2014
03-Jul-14,3,7,Jul,2014,Q3,Q3-2014
04-Jul-14,4,7,Jul,2014,Q3,Q3-2014
05-Jul-14,5,7,Jul,2014,Q3,Q3-2014
06-Jul-14,6,7,Jul,2014,Q3,Q3-2014
07-Jul-14,7,7,Jul,2014,Q3,Q3-2014
08-Jul-14,8,7,Jul,2014,Q3,Q3-2014
09-Jul-14,9,7,Jul,2014,Q3,Q3-2014
10-Jul-14,10,7,Jul,2014,Q3,Q3-2014
11-Jul-14,11,7,Jul,2014,Q3,Q3-2014
12-Jul-14,12,7,Jul,2014,Q3,Q3-2014
13-Jul-14,13,7,Jul,2014,Q3,Q3-2014
14-Jul-14,14,7,Jul,2014,Q3,Q3-2014
15-Jul-14,15,7,Jul,2014,Q3,Q3-2014
16-Jul-14,16,7,Jul,2014,Q3,Q3-2014
17-Jul-14,17,7,Jul,2014,Q3,Q3-2014
18-Jul-14,18,7,Jul,2014,Q3,Q3-2014
19-Jul-14,19,7,Jul,2014,Q3,Q3-2014
20-Jul-14,20,7,Jul,2014,Q3,Q3-2014
21-Jul-14,21,7,Jul,2014,Q3,Q3-2014
22-Jul-14,22,7,Jul,2014,Q3,Q3-2014
23-Jul-14,23,7,Jul,2014,Q3,Q3-2014
24-Jul-14,24,7,Jul,2014,Q3,Q3-2014
25-Jul-14,25,7,Jul,2014,Q3,Q3-2014
26-Jul-14,26,7,Jul,2014,Q3,Q3-2014
27-Jul-14,27,7,Jul,2014,Q3,Q3-2014
28-Jul-14,28,7,Jul,2014,Q3,Q3-2014
29-Jul-14,29,7,Jul,2014,Q3,Q3-2014
30-Jul-14,30,7,Jul,2014,Q3,Q3-2014
31-Jul-14,31,7,Jul,2014,Q3,Q3-2014
01-Aug-14,1,8,Aug,2014,Q3,Q3-2014
02-Aug-14,2,8,Aug,2014,Q3,Q3-2014
03-Aug-14,3,8,Aug,2014,Q3,Q3-2014
04-Aug-14,4,8,Aug,2014,Q3,Q3-2014
05-Aug-14,5,8,Aug,2014,Q3,Q3-2014
06-Aug-14,6,8,Aug,2014,Q3,Q3-2014
07-Aug-14,7,8,Aug,2014,Q3,Q3-2014
08-Aug-14,8,8,Aug,2014,Q3,Q3-2014
09-Aug-14,9,8,Aug,2014,Q3,Q3-2014
10-Aug-14,10,8,Aug,2014,Q3,Q3-2014
11-Aug-14,11,8,Aug,2014,Q3,Q3-2014
12-Aug-14,12,8,Aug,2014,Q3,Q3-2014
13-Aug-14,13,8,Aug,2014,Q3,Q3-2014
14-Aug-14,14,8,Aug,2014,Q3,Q3-2014
15-Aug-14,15,8,Aug,2014,Q3,Q3-2014
16-Aug-14,16,8,Aug,2014,Q3,Q3-2014
17-Aug-14,17,8,Aug,2014,Q3,Q3-2014
18-Aug-14,18,8,Aug,2014,Q3,Q3-2014
19-Aug-14,19,8,Aug,2014,Q3,Q3-2014
20-Aug-14,20,8,Aug,2014,Q3,Q3-2014
21-Aug-14,21,8,Aug,2014,Q3,Q3-2014
22-Aug-14,22,8,Aug,2014,Q3,Q3-2014
23-Aug-14,23,8,Aug,2014,Q3,Q3-2014
24-Aug-14,24,8,Aug,2014,Q3,Q3-2014
25-Aug-14,25,8,Aug,2014,Q3,Q3-2014
26-Aug-14,26,8,Aug,2014,Q3,Q3-2014
27-Aug-14,27,8,Aug,2014,Q3,Q3-2014
28-Aug-14,28,8,Aug,2014,Q3,Q3-2014
29-Aug-14,29,8,Aug,2014,Q3,Q3-2014
30-Aug-14,30,8,Aug,2014,Q3,Q3-2014
31-Aug-14,31,8,Aug,2014,Q3,Q3-2014
01-Sep-14,1,9,Sept,2014,Q3,Q3-2014
02-Sep-14,2,9,Sept,2014,Q3,Q3-2014
03-Sep-14,3,9,Sept,2014,Q3,Q3-2014
04-Sep-14,4,9,Sept,2014,Q3,Q3-2014
05-Sep-14,5,9,Sept,2014,Q3,Q3-2014
06-Sep-14,6,9,Sept,2014,Q3,Q3-2014
07-Sep-14,7,9,Sept,2014,Q3,Q3-2014
08-Sep-14,8,9,Sept,2014,Q3,Q3-2014
09-Sep-14,9,9,Sept,2014,Q3,Q3-2014
10-Sep-14,10,9,Sept,2014,Q3,Q3-2014
11-Sep-14,11,9,Sept,2014,Q3,Q3-2014
12-Sep-14,12,9,Sept,2014,Q3,Q3-2014
13-Sep-14,13,9,Sept,2014,Q3,Q3-2014
14-Sep-14,14,9,Sept,2014,Q3,Q3-2014
15-Sep-14,15,9,Sept,2014,Q3,Q3-2014
16-Sep-14,16,9,Sept,2014,Q3,Q3-2014
17-Sep-14,17,9,Sept,2014,Q3,Q3-2014
18-Sep-14,18,9,Sept,2014,Q3,Q3-2014
19-Sep-14,19,9,Sept,2014,Q3,Q3-2014
20-Sep-14,20,9,Sept,2014,Q3,Q3-2014
21-Sep-14,21,9,Sept,2014,Q3,Q3-2014
22-Sep-14,22,9,Sept,2014,Q3,Q3-2014
23-Sep-14,23,9,Sept,2014,Q3,Q3-2014
24-Sep-14,24,9,Sept,2014,Q3,Q3-2014
25-Sep-14,25,9,Sept,2014,Q3,Q3-2014
26-Sep-14,26,9,Sept,2014,Q3,Q3-2014
27-Sep-14,27,9,Sept,2014,Q3,Q3-2014
28-Sep-14,28,9,Sept,2014,Q3,Q3-2014
29-Sep-14,29,9,Sept,2014,Q3,Q3-2014
30-Sep-14,30,9,Sept,2014,Q3,Q3-2014
01-Oct-14,1,10,Oct,2014,Q4,Q4-2014
02-Oct-14,2,10,Oct,2014,Q4,Q4-2014
03-Oct-14,3,10,Oct,2014,Q4,Q4-2014
04-Oct-14,4,10,Oct,2014,Q4,Q4-2014
05-Oct-14,5,10,Oct,2014,Q4,Q4-2014
06-Oct-14,6,10,Oct,2014,Q4,Q4-2014
07-Oct-14,7,10,Oct,2014,Q4,Q4-2014
08-Oct-14,8,10,Oct,2014,Q4,Q4-2014
09-Oct-14,9,10,Oct,2014,Q4,Q4-2014
10-Oct-14,10,10,Oct,2014,Q4,Q4-2014
11-Oct-14,11,10,Oct,2014,Q4,Q4-2014
12-Oct-14,12,10,Oct,2014,Q4,Q4-2014
13-Oct-14,13,10,Oct,2014,Q4,Q4-2014
14-Oct-14,14,10,Oct,2014,Q4,Q4-2014
15-Oct-14,15,10,Oct,2014,Q4,Q4-2014
16-Oct-14,16,10,Oct,2014,Q4,Q4-2014
17-Oct-14,17,10,Oct,2014,Q4,Q4-2014
18-Oct-14,18,10,Oct,2014,Q4,Q4-2014
19-Oct-14,19,10,Oct,2014,Q4,Q4-2014
20-Oct-14,20,10,Oct,2014,Q4,Q4-2014
21-Oct-14,21,10,Oct,2014,Q4,Q4-2014
22-Oct-14,22,10,Oct,2014,Q4,Q4-2014
23-Oct-14,23,10,Oct,2014,Q4,Q4-2014
24-Oct-14,24,10,Oct,2014,Q4,Q4-2014
25-Oct-14,25,10,Oct,2014,Q4,Q4-2014
26-Oct-14,26,10,Oct,2014,Q4,Q4-2014
27-Oct-14,27,10,Oct,2014,Q4,Q4-2014
28-Oct-14,28,10,Oct,2014,Q4,Q4-2014
29-Oct-14,29,10,Oct,2014,Q4,Q4-2014
30-Oct-14,30,10,Oct,2014,Q4,Q4-2014
31-Oct-14,31,10,Oct,2014,Q4,Q4-2014
01-Nov-14,1,11,Nov,2014,Q4,Q4-2014
02-Nov-14,2,11,Nov,2014,Q4,Q4-2014
03-Nov-14,3,11,Nov,2014,Q4,Q4-2014
04-Nov-14,4,11,Nov,2014,Q4,Q4-2014
05-Nov-14,5,11,Nov,2014,Q4,Q4-2014
06-Nov-14,6,11,Nov,2014,Q4,Q4-2014
07-Nov-14,7,11,Nov,2014,Q4,Q4-2014
08-Nov-14,8,11,Nov,2014,Q4,Q4-2014
09-Nov-14,9,11,Nov,2014,Q4,Q4-2014
10-Nov-14,10,11,Nov,2014,Q4,Q4-2014
11-Nov-14,11,11,Nov,2014,Q4,Q4-2014
12-Nov-14,12,11,Nov,2014,Q4,Q4-2014
13-Nov-14,13,11,Nov,2014,Q4,Q4-2014
14-Nov-14,14,11,Nov,2014,Q4,Q4-2014
15-Nov-14,15,11,Nov,2014,Q4,Q4-2014
16-Nov-14,16,11,Nov,2014,Q4,Q4-2014
17-Nov-14,17,11,Nov,2014,Q4,Q4-2014
18-Nov-14,18,11,Nov,2014,Q4,Q4-2014
19-Nov-14,19,11,Nov,2014,Q4,Q4-2014
20-Nov-14,20,11,Nov,2014,Q4,Q4-2014
21-Nov-14,21,11,Nov,2014,Q4,Q4-2014
22-Nov-14,22,11,Nov,2014,Q4,Q4-2014
23-Nov-14,23,11,Nov,2014,Q4,Q4-2014
24-Nov-14,24,11,Nov,2014,Q4,Q4-2014
25-Nov-14,25,11,Nov,2014,Q4,Q4-2014
26-Nov-14,26,11,Nov,2014,Q4,Q4-2014
27-Nov-14,27,11,Nov,2014,Q4,Q4-2014
28-Nov-14,28,11,Nov,2014,Q4,Q4-2014
29-Nov-14,29,11,Nov,2014,Q4,Q4-2014
30-Nov-14,30,11,Nov,2014,Q4,Q4-2014
01-Dec-14,1,12,Dec,2014,Q4,Q4-2014
02-Dec-14,2,12,Dec,2014,Q4,Q4-2014
03-Dec-14,3,12,Dec,2014,Q4,Q4-2014
04-Dec-14,4,12,Dec,2014,Q4,Q4-2014
05-Dec-14,5,12,Dec,2014,Q4,Q4-2014
06-Dec-14,6,12,Dec,2014,Q4,Q4-2014
07-Dec-14,7,12,Dec,2014,Q4,Q4-2014
08-Dec-14,8,12,Dec,2014,Q4,Q4-2014
09-Dec-14,9,12,Dec,2014,Q4,Q4-2014
10-Dec-14,10,12,Dec,2014,Q4,Q4-2014
11-Dec-14,11,12,Dec,2014,Q4,Q4-2014
12-Dec-14,12,12,Dec,2014,Q4,Q4-2014
13-Dec-14,13,12,Dec,2014,Q4,Q4-2014
14-Dec-14,14,12,Dec,2014,Q4,Q4-2014
15-Dec-14,15,12,Dec,2014,Q4,Q4-2014
16-Dec-14,16,12,Dec,2014,Q4,Q4-2014
17-Dec-14,17,12,Dec,2014,Q4,Q4-2014
18-Dec-14,18,12,Dec,2014,Q4,Q4-2014
19-Dec-14,19,12,Dec,2014,Q4,Q4-2014
20-Dec-14,20,12,Dec,2014,Q4,Q4-2014
21-Dec-14,21,12,Dec,2014,Q4,Q4-2014
22-Dec-14,22,12,Dec,2014,Q4,Q4-2014
23-Dec-14,23,12,Dec,2014,Q4,Q4-2014
24-Dec-14,24,12,Dec,2014,Q4,Q4-2014
25-Dec-14,25,12,Dec,2014,Q4,Q4-2014
26-Dec-14,26,12,Dec,2014,Q4,Q4-2014
27-Dec-14,27,12,Dec,2014,Q4,Q4-2014
28-Dec-14,28,12,Dec,2014,Q4,Q4-2014
29-Dec-14,29,12,Dec,2014,Q4,Q4-2014
30-Dec-14,30,12,Dec,2014,Q4,Q4-2014
31-Dec-14,31,12,Dec,2014,Q4,Q4-2014
01-Jan-15,1,1,Jan,2015,Q1,Q1-2015
02-Jan-15,2,1,Jan,2015,Q1,Q1-2015
03-Jan-15,3,1,Jan,2015,Q1,Q1-2015
04-Jan-15,4,1,Jan,2015,Q1,Q1-2015
05-Jan-15,5,1,Jan,2015,Q1,Q1-2015
06-Jan-15,6,1,Jan,2015,Q1,Q1-2015
07-Jan-15,7,1,Jan,2015,Q1,Q1-2015
08-Jan-15,8,1,Jan,2015,Q1,Q1-2015
09-Jan-15,9,1,Jan,2015,Q1,Q1-2015
10-Jan-15,10,1,Jan,2015,Q1,Q1-2015
11-Jan-15,11,1,Jan,2015,Q1,Q1-2015
12-Jan-15,12,1,Jan,2015,Q1,Q1-2015
13-Jan-15,13,1,Jan,2015,Q1,Q1-2015
14-Jan-15,14,1,Jan,2015,Q1,Q1-2015
15-Jan-15,15,1,Jan,2015,Q1,Q1-2015
16-Jan-15,16,1,Jan,2015,Q1,Q1-2015
17-Jan-15,17,1,Jan,2015,Q1,Q1-2015
18-Jan-15,18,1,Jan,2015,Q1,Q1-2015
19-Jan-15,19,1,Jan,2015,Q1,Q1-2015
20-Jan-15,20,1,Jan,2015,Q1,Q1-2015
21-Jan-15,21,1,Jan,2015,Q1,Q1-2015
22-Jan-15,22,1,Jan,2015,Q1,Q1-2015
23-Jan-15,23,1,Jan,2015,Q1,Q1-2015
24-Jan-15,24,1,Jan,2015,Q1,Q1-2015
25-Jan-15,25,1,Jan,2015,Q1,Q1-2015
26-Jan-15,26,1,Jan,2015,Q1,Q1-2015
27-Jan-15,27,1,Jan,2015,Q1,Q1-2015
28-Jan-15,28,1,Jan,2015,Q1,Q1-2015
29-Jan-15,29,1,Jan,2015,Q1,Q1-2015
30-Jan-15,30,1,Jan,2015,Q1,Q1-2015
31-Jan-15,31,1,Jan,2015,Q1,Q1-2015
01-Feb-15,1,2,Feb,2015,Q1,Q1-2015
02-Feb-15,2,2,Feb,2015,Q1,Q1-2015
03-Feb-15,3,2,Feb,2015,Q1,Q1-2015
04-Feb-15,4,2,Feb,2015,Q1,Q1-2015
05-Feb-15,5,2,Feb,2015,Q1,Q1-2015
06-Feb-15,6,2,Feb,2015,Q1,Q1-2015
07-Feb-15,7,2,Feb,2015,Q1,Q1-2015
08-Feb-15,8,2,Feb,2015,Q1,Q1-2015
09-Feb-15,9,2,Feb,2015,Q1,Q1-2015
10-Feb-15,10,2,Feb,2015,Q1,Q1-2015
11-Feb-15,11,2,Feb,2015,Q1,Q1-2015
12-Feb-15,12,2,Feb,2015,Q1,Q1-2015
13-Feb-15,13,2,Feb,2015,Q1,Q1-2015
14-Feb-15,14,2,Feb,2015,Q1,Q1-2015
15-Feb-15,15,2,Feb,2015,Q1,Q1-2015
16-Feb-15,16,2,Feb,2015,Q1,Q1-2015
17-Feb-15,17,2,Feb,2015,Q1,Q1-2015
18-Feb-15,18,2,Feb,2015,Q1,Q1-2015
19-Feb-15,19,2,Feb,2015,Q1,Q1-2015
20-Feb-15,20,2,Feb,2015,Q1,Q1-2015
21-Feb-15,21,2,Feb,2015,Q1,Q1-2015
22-Feb-15,22,2,Feb,2015,Q1,Q1-2015
23-Feb-15,23,2,Feb,2015,Q1,Q1-2015
24-Feb-15,24,2,Feb,2015,Q1,Q1-2015
25-Feb-15,25,2,Feb,2015,Q1,Q1-2015
26-Feb-15,26,2,Feb,2015,Q1,Q1-2015
27-Feb-15,27,2,Feb,2015,Q1,Q1-2015
28-Feb-15,28,2,Feb,2015,Q1,Q1-2015
01-Mar-15,1,3,Mar,2015,Q1,Q1-2015
02-Mar-15,2,3,Mar,2015,Q1,Q1-2015
03-Mar-15,3,3,Mar,2015,Q1,Q1-2015
04-Mar-15,4,3,Mar,2015,Q1,Q1-2015
05-Mar-15,5,3,Mar,2015,Q1,Q1-2015
06-Mar-15,6,3,Mar,2015,Q1,Q1-2015
07-Mar-15,7,3,Mar,2015,Q1,Q1-2015
08-Mar-15,8,3,Mar,2015,Q1,Q1-2015
09-Mar-15,9,3,Mar,2015,Q1,Q1-2015
10-Mar-15,10,3,Mar,2015,Q1,Q1-2015
11-Mar-15,11,3,Mar,2015,Q1,Q1-2015
12-Mar-15,12,3,Mar,2015,Q1,Q1-2015
13-Mar-15,13,3,Mar,2015,Q1,Q1-2015
14-Mar-15,14,3,Mar,2015,Q1,Q1-2015
15-Mar-15,15,3,Mar,2015,Q1,Q1-2015
16-Mar-15,16,3,Mar,2015,Q1,Q1-2015
17-Mar-15,17,3,Mar,2015,Q1,Q1-2015
18-Mar-15,18,3,Mar,2015,Q1,Q1-2015
19-Mar-15,19,3,Mar,2015,Q1,Q1-2015
20-Mar-15,20,3,Mar,2015,Q1,Q1-2015
21-Mar-15,21,3,Mar,2015,Q1,Q1-2015
22-Mar-15,22,3,Mar,2015,Q1,Q1-2015
23-Mar-15,23,3,Mar,2015,Q1,Q1-2015
24-Mar-15,24,3,Mar,2015,Q1,Q1-2015
25-Mar-15,25,3,Mar,2015,Q1,Q1-2015
26-Mar-15,26,3,Mar,2015,Q1,Q1-2015
27-Mar-15,27,3,Mar,2015,Q1,Q1-2015
28-Mar-15,28,3,Mar,2015,Q1,Q1-2015
29-Mar-15,29,3,Mar,2015,Q1,Q1-2015
30-Mar-15,30,3,Mar,2015,Q1,Q1-2015
31-Mar-15,31,3,Mar,2015,Q1,Q1-2015
01-Apr-15,1,4,Apr,2015,Q2,Q2-2015
02-Apr-15,2,4,Apr,2015,Q2,Q2-2015
03-Apr-15,3,4,Apr,2015,Q2,Q2-2015
04-Apr-15,4,4,Apr,2015,Q2,Q2-2015
05-Apr-15,5,4,Apr,2015,Q2,Q2-2015
06-Apr-15,6,4,Apr,2015,Q2,Q2-2015
07-Apr-15,7,4,Apr,2015,Q2,Q2-2015
08-Apr-15,8,4,Apr,2015,Q2,Q2-2015
09-Apr-15,9,4,Apr,2015,Q2,Q2-2015
10-Apr-15,10,4,Apr,2015,Q2,Q2-2015
11-Apr-15,11,4,Apr,2015,Q2,Q2-2015
12-Apr-15,12,4,Apr,2015,Q2,Q2-2015
13-Apr-15,13,4,Apr,2015,Q2,Q2-2015
14-Apr-15,14,4,Apr,2015,Q2,Q2-2015
15-Apr-15,15,4,Apr,2015,Q2,Q2-2015
16-Apr-15,16,4,Apr,2015,Q2,Q2-2015
17-Apr-15,17,4,Apr,2015,Q2,Q2-2015
18-Apr-15,18,4,Apr,2015,Q2,Q2-2015
19-Apr-15,19,4,Apr,2015,Q2,Q2-2015
20-Apr-15,20,4,Apr,2015,Q2,Q2-2015
21-Apr-15,21,4,Apr,2015,Q2,Q2-2015
22-Apr-15,22,4,Apr,2015,Q2,Q2-2015
23-Apr-15,23,4,Apr,2015,Q2,Q2-2015
24-Apr-15,24,4,Apr,2015,Q2,Q2-2015
25-Apr-15,25,4,Apr,2015,Q2,Q2-2015
26-Apr-15,26,4,Apr,2015,Q2,Q2-2015
27-Apr-15,27,4,Apr,2015,Q2,Q2-2015
28-Apr-15,28,4,Apr,2015,Q2,Q2-2015
29-Apr-15,29,4,Apr,2015,Q2,Q2-2015
30-Apr-15,30,4,Apr,2015,Q2,Q2-2015
01-May-15,1,5,May,2015,Q2,Q2-2015
02-May-15,2,5,May,2015,Q2,Q2-2015
03-May-15,3,5,May,2015,Q2,Q2-2015
04-May-15,4,5,May,2015,Q2,Q2-2015
05-May-15,5,5,May,2015,Q2,Q2-2015
06-May-15,6,5,May,2015,Q2,Q2-2015
07-May-15,7,5,May,2015,Q2,Q2-2015
08-May-15,8,5,May,2015,Q2,Q2-2015
09-May-15,9,5,May,2015,Q2,Q2-2015
10-May-15,10,5,May,2015,Q2,Q2-2015
11-May-15,11,5,May,2015,Q2,Q2-2015
12-May-15,12,5,May,2015,Q2,Q2-2015
13-May-15,13,5,May,2015,Q2,Q2-2015
14-May-15,14,5,May,2015,Q2,Q2-2015
15-May-15,15,5,May,2015,Q2,Q2-2015
16-May-15,16,5,May,2015,Q2,Q2-2015
17-May-15,17,5,May,2015,Q2,Q2-2015
18-May-15,18,5,May,2015,Q2,Q2-2015
19-May-15,19,5,May,2015,Q2,Q2-2015
20-May-15,20,5,May,2015,Q2,Q2-2015
21-May-15,21,5,May,2015,Q2,Q2-2015
22-May-15,22,5,May,2015,Q2,Q2-2015
23-May-15,23,5,May,2015,Q2,Q2-2015
24-May-15,24,5,May,2015,Q2,Q2-2015
25-May-15,25,5,May,2015,Q2,Q2-2015
26-May-15,26,5,May,2015,Q2,Q2-2015
27-May-15,27,5,May,2015,Q2,Q2-2015
28-May-15,28,5,May,2015,Q2,Q2-2015
29-May-15,29,5,May,2015,Q2,Q2-2015
30-May-15,30,5,May,2015,Q2,Q2-2015
31-May-15,31,5,May,2015,Q2,Q2-2015
01-Jun-15,1,6,Jun,2015,Q2,Q2-2015
02-Jun-15,2,6,Jun,2015,Q2,Q2-2015
03-Jun-15,3,6,Jun,2015,Q2,Q2-2015
04-Jun-15,4,6,Jun,2015,Q2,Q2-2015
05-Jun-15,5,6,Jun,2015,Q2,Q2-2015
06-Jun-15,6,6,Jun,2015,Q2,Q2-2015
07-Jun-15,7,6,Jun,2015,Q2,Q2-2015
08-Jun-15,8,6,Jun,2015,Q2,Q2-2015
09-Jun-15,9,6,Jun,2015,Q2,Q2-2015
10-Jun-15,10,6,Jun,2015,Q2,Q2-2015
11-Jun-15,11,6,Jun,2015,Q2,Q2-2015
12-Jun-15,12,6,Jun,2015,Q2,Q2-2015
13-Jun-15,13,6,Jun,2015,Q2,Q2-2015
14-Jun-15,14,6,Jun,2015,Q2,Q2-2015
15-Jun-15,15,6,Jun,2015,Q2,Q2-2015
16-Jun-15,16,6,Jun,2015,Q2,Q2-2015
17-Jun-15,17,6,Jun,2015,Q2,Q2-2015
18-Jun-15,18,6,Jun,2015,Q2,Q2-2015
19-Jun-15,19,6,Jun,2015,Q2,Q2-2015
20-Jun-15,20,6,Jun,2015,Q2,Q2-2015
21-Jun-15,21,6,Jun,2015,Q2,Q2-2015
22-Jun-15,22,6,Jun,2015,Q2,Q2-2015
23-Jun-15,23,6,Jun,2015,Q2,Q2-2015
24-Jun-15,24,6,Jun,2015,Q2,Q2-2015
25-Jun-15,25,6,Jun,2015,Q2,Q2-2015
26-Jun-15,26,6,Jun,2015,Q2,Q2-2015
27-Jun-15,27,6,Jun,2015,Q2,Q2-2015
28-Jun-15,28,6,Jun,2015,Q2,Q2-2015
29-Jun-15,29,6,Jun,2015,Q2,Q2-2015
30-Jun-15,30,6,Jun,2015,Q2,Q2-2015
01-Jul-15,1,7,Jul,2015,Q3,Q3-2015
02-Jul-15,2,7,Jul,2015,Q3,Q3-2015
03-Jul-15,3,7,Jul,2015,Q3,Q3-2015
04-Jul-15,4,7,Jul,2015,Q3,Q3-2015
05-Jul-15,5,7,Jul,2015,Q3,Q3-2015
06-Jul-15,6,7,Jul,2015,Q3,Q3-2015
07-Jul-15,7,7,Jul,2015,Q3,Q3-2015
08-Jul-15,8,7,Jul,2015,Q3,Q3-2015
09-Jul-15,9,7,Jul,2015,Q3,Q3-2015
10-Jul-15,10,7,Jul,2015,Q3,Q3-2015
11-Jul-15,11,7,Jul,2015,Q3,Q3-2015
12-Jul-15,12,7,Jul,2015,Q3,Q3-2015
13-Jul-15,13,7,Jul,2015,Q3,Q3-2015
14-Jul-15,14,7,Jul,2015,Q3,Q3-2015
15-Jul-15,15,7,Jul,2015,Q3,Q3-2015
16-Jul-15,16,7,Jul,2015,Q3,Q3-2015
17-Jul-15,17,7,Jul,2015,Q3,Q3-2015
18-Jul-15,18,7,Jul,2015,Q3,Q3-2015
19-Jul-15,19,7,Jul,2015,Q3,Q3-2015
20-Jul-15,20,7,Jul,2015,Q3,Q3-2015
21-Jul-15,21,7,Jul,2015,Q3,Q3-2015
22-Jul-15,22,7,Jul,2015,Q3,Q3-2015
23-Jul-15,23,7,Jul,2015,Q3,Q3-2015
24-Jul-15,24,7,Jul,2015,Q3,Q3-2015
25-Jul-15,25,7,Jul,2015,Q3,Q3-2015
26-Jul-15,26,7,Jul,2015,Q3,Q3-2015
27-Jul-15,27,7,Jul,2015,Q3,Q3-2015
28-Jul-15,28,7,Jul,2015,Q3,Q3-2015
29-Jul-15,29,7,Jul,2015,Q3,Q3-2015
30-Jul-15,30,7,Jul,2015,Q3,Q3-2015
31-Jul-15,31,7,Jul,2015,Q3,Q3-2015
01-Aug-15,1,8,Aug,2015,Q3,Q3-2015
02-Aug-15,2,8,Aug,2015,Q3,Q3-2015
03-Aug-15,3,8,Aug,2015,Q3,Q3-2015
04-Aug-15,4,8,Aug,2015,Q3,Q3-2015
05-Aug-15,5,8,Aug,2015,Q3,Q3-2015
06-Aug-15,6,8,Aug,2015,Q3,Q3-2015
07-Aug-15,7,8,Aug,2015,Q3,Q3-2015
08-Aug-15,8,8,Aug,2015,Q3,Q3-2015
09-Aug-15,9,8,Aug,2015,Q3,Q3-2015
10-Aug-15,10,8,Aug,2015,Q3,Q3-2015
11-Aug-15,11,8,Aug,2015,Q3,Q3-2015
12-Aug-15,12,8,Aug,2015,Q3,Q3-2015
13-Aug-15,13,8,Aug,2015,Q3,Q3-2015
14-Aug-15,14,8,Aug,2015,Q3,Q3-2015
15-Aug-15,15,8,Aug,2015,Q3,Q3-2015
16-Aug-15,16,8,Aug,2015,Q3,Q3-2015
17-Aug-15,17,8,Aug,2015,Q3,Q3-2015
18-Aug-15,18,8,Aug,2015,Q3,Q3-2015
19-Aug-15,19,8,Aug,2015,Q3,Q3-2015
20-Aug-15,20,8,Aug,2015,Q3,Q3-2015
21-Aug-15,21,8,Aug,2015,Q3,Q3-2015
22-Aug-15,22,8,Aug,2015,Q3,Q3-2015
23-Aug-15,23,8,Aug,2015,Q3,Q3-2015
24-Aug-15,24,8,Aug,2015,Q3,Q3-2015
25-Aug-15,25,8,Aug,2015,Q3,Q3-2015
26-Aug-15,26,8,Aug,2015,Q3,Q3-2015
27-Aug-15,27,8,Aug,2015,Q3,Q3-2015
28-Aug-15,28,8,Aug,2015,Q3,Q3-2015
29-Aug-15,29,8,Aug,2015,Q3,Q3-2015
30-Aug-15,30,8,Aug,2015,Q3,Q3-2015
31-Aug-15,31,8,Aug,2015,Q3,Q3-2015
01-Sep-15,1,9,Sept,2015,Q3,Q3-2015
02-Sep-15,2,9,Sept,2015,Q3,Q3-2015
03-Sep-15,3,9,Sept,2015,Q3,Q3-2015
04-Sep-15,4,9,Sept,2015,Q3,Q3-2015
05-Sep-15,5,9,Sept,2015,Q3,Q3-2015
06-Sep-15,6,9,Sept,2015,Q3,Q3-2015
07-Sep-15,7,9,Sept,2015,Q3,Q3-2015
08-Sep-15,8,9,Sept,2015,Q3,Q3-2015
09-Sep-15,9,9,Sept,2015,Q3,Q3-2015
10-Sep-15,10,9,Sept,2015,Q3,Q3-2015
11-Sep-15,11,9,Sept,2015,Q3,Q3-2015
12-Sep-15,12,9,Sept,2015,Q3,Q3-2015
13-Sep-15,13,9,Sept,2015,Q3,Q3-2015
14-Sep-15,14,9,Sept,2015,Q3,Q3-2015
15-Sep-15,15,9,Sept,2015,Q3,Q3-2015
16-Sep-15,16,9,Sept,2015,Q3,Q3-2015
17-Sep-15,17,9,Sept,2015,Q3,Q3-2015
18-Sep-15,18,9,Sept,2015,Q3,Q3-2015
19-Sep-15,19,9,Sept,2015,Q3,Q3-2015
20-Sep-15,20,9,Sept,2015,Q3,Q3-2015
21-Sep-15,21,9,Sept,2015,Q3,Q3-2015
22-Sep-15,22,9,Sept,2015,Q3,Q3-2015
23-Sep-15,23,9,Sept,2015,Q3,Q3-2015
24-Sep-15,24,9,Sept,2015,Q3,Q3-2015
25-Sep-15,25,9,Sept,2015,Q3,Q3-2015
26-Sep-15,26,9,Sept,2015,Q3,Q3-2015
27-Sep-15,27,9,Sept,2015,Q3,Q3-2015
28-Sep-15,28,9,Sept,2015,Q3,Q3-2015
29-Sep-15,29,9,Sept,2015,Q3,Q3-2015
30-Sep-15,30,9,Sept,2015,Q3,Q3-2015
01-Oct-15,1,10,Oct,2015,Q4,Q4-2015
02-Oct-15,2,10,Oct,2015,Q4,Q4-2015
03-Oct-15,3,10,Oct,2015,Q4,Q4-2015
04-Oct-15,4,10,Oct,2015,Q4,Q4-2015
05-Oct-15,5,10,Oct,2015,Q4,Q4-2015
06-Oct-15,6,10,Oct,2015,Q4,Q4-2015
07-Oct-15,7,10,Oct,2015,Q4,Q4-2015
08-Oct-15,8,10,Oct,2015,Q4,Q4-2015
09-Oct-15,9,10,Oct,2015,Q4,Q4-2015
10-Oct-15,10,10,Oct,2015,Q4,Q4-2015
11-Oct-15,11,10,Oct,2015,Q4,Q4-2015
12-Oct-15,12,10,Oct,2015,Q4,Q4-2015
13-Oct-15,13,10,Oct,2015,Q4,Q4-2015
14-Oct-15,14,10,Oct,2015,Q4,Q4-2015
15-Oct-15,15,10,Oct,2015,Q4,Q4-2015
16-Oct-15,16,10,Oct,2015,Q4,Q4-2015
17-Oct-15,17,10,Oct,2015,Q4,Q4-2015
18-Oct-15,18,10,Oct,2015,Q4,Q4-2015
19-Oct-15,19,10,Oct,2015,Q4,Q4-2015
20-Oct-15,20,10,Oct,2015,Q4,Q4-2015
21-Oct-15,21,10,Oct,2015,Q4,Q4-2015
22-Oct-15,22,10,Oct,2015,Q4,Q4-2015
23-Oct-15,23,10,Oct,2015,Q4,Q4-2015
24-Oct-15,24,10,Oct,2015,Q4,Q4-2015
25-Oct-15,25,10,Oct,2015,Q4,Q4-2015
26-Oct-15,26,10,Oct,2015,Q4,Q4-2015
27-Oct-15,27,10,Oct,2015,Q4,Q4-2015
28-Oct-15,28,10,Oct,2015,Q4,Q4-2015
29-Oct-15,29,10,Oct,2015,Q4,Q4-2015
30-Oct-15,30,10,Oct,2015,Q4,Q4-2015
31-Oct-15,31,10,Oct,2015,Q4,Q4-2015
01-Nov-15,1,11,Nov,2015,Q4,Q4-2015
02-Nov-15,2,11,Nov,2015,Q4,Q4-2015
03-Nov-15,3,11,Nov,2015,Q4,Q4-2015
04-Nov-15,4,11,Nov,2015,Q4,Q4-2015
05-Nov-15,5,11,Nov,2015,Q4,Q4-2015
06-Nov-15,6,11,Nov,2015,Q4,Q4-2015
07-Nov-15,7,11,Nov,2015,Q4,Q4-2015
08-Nov-15,8,11,Nov,2015,Q4,Q4-2015
09-Nov-15,9,11,Nov,2015,Q4,Q4-2015
10-Nov-15,10,11,Nov,2015,Q4,Q4-2015
11-Nov-15,11,11,Nov,2015,Q4,Q4-2015
12-Nov-15,12,11,Nov,2015,Q4,Q4-2015
13-Nov-15,13,11,Nov,2015,Q4,Q4-2015
14-Nov-15,14,11,Nov,2015,Q4,Q4-2015
15-Nov-15,15,11,Nov,2015,Q4,Q4-2015
16-Nov-15,16,11,Nov,2015,Q4,Q4-2015
17-Nov-15,17,11,Nov,2015,Q4,Q4-2015
18-Nov-15,18,11,Nov,2015,Q4,Q4-2015
19-Nov-15,19,11,Nov,2015,Q4,Q4-2015
20-Nov-15,20,11,Nov,2015,Q4,Q4-2015
21-Nov-15,21,11,Nov,2015,Q4,Q4-2015
22-Nov-15,22,11,Nov,2015,Q4,Q4-2015
23-Nov-15,23,11,Nov,2015,Q4,Q4-2015
24-Nov-15,24,11,Nov,2015,Q4,Q4-2015
25-Nov-15,25,11,Nov,2015,Q4,Q4-2015
26-Nov-15,26,11,Nov,2015,Q4,Q4-2015
27-Nov-15,27,11,Nov,2015,Q4,Q4-2015
28-Nov-15,28,11,Nov,2015,Q4,Q4-2015
29-Nov-15,29,11,Nov,2015,Q4,Q4-2015
30-Nov-15,30,11,Nov,2015,Q4,Q4-2015
01-Dec-15,1,12,Dec,2015,Q4,Q4-2015
02-Dec-15,2,12,Dec,2015,Q4,Q4-2015
03-Dec-15,3,12,Dec,2015,Q4,Q4-2015
04-Dec-15,4,12,Dec,2015,Q4,Q4-2015
05-Dec-15,5,12,Dec,2015,Q4,Q4-2015
06-Dec-15,6,12,Dec,2015,Q4,Q4-2015
07-Dec-15,7,12,Dec,2015,Q4,Q4-2015
08-Dec-15,8,12,Dec,2015,Q4,Q4-2015
09-Dec-15,9,12,Dec,2015,Q4,Q4-2015
10-Dec-15,10,12,Dec,2015,Q4,Q4-2015
11-Dec-15,11,12,Dec,2015,Q4,Q4-2015
12-Dec-15,12,12,Dec,2015,Q4,Q4-2015
13-Dec-15,13,12,Dec,2015,Q4,Q4-2015
14-Dec-15,14,12,Dec,2015,Q4,Q4-2015
15-Dec-15,15,12,Dec,2015,Q4,Q4-2015
16-Dec-15,16,12,Dec,2015,Q4,Q4-2015
17-Dec-15,17,12,Dec,2015,Q4,Q4-2015
18-Dec-15,18,12,Dec,2015,Q4,Q4-2015
19-Dec-15,19,12,Dec,2015,Q4,Q4-2015
20-Dec-15,20,12,Dec,2015,Q4,Q4-2015
21-Dec-15,21,12,Dec,2015,Q4,Q4-2015
22-Dec-15,22,12,Dec,2015,Q4,Q4-2015
23-Dec-15,23,12,Dec,2015,Q4,Q4-2015
24-Dec-15,24,12,Dec,2015,Q4,Q4-2015
25-Dec-15,25,12,Dec,2015,Q4,Q4-2015
26-Dec-15,26,12,Dec,2015,Q4,Q4-2015
27-Dec-15,27,12,Dec,2015,Q4,Q4-2015
28-Dec-15,28,12,Dec,2015,Q4,Q4-2015
29-Dec-15,29,12,Dec,2015,Q4,Q4-2015
30-Dec-15,30,12,Dec,2015,Q4,Q4-2015
31-Dec-15,31,12,Dec,2015,Q4,Q4-2015
01-Jan-16,1,1,Jan,2016,Q1,Q1-2016
02-Jan-16,2,1,Jan,2016,Q1,Q1-2016
03-Jan-16,3,1,Jan,2016,Q1,Q1-2016
04-Jan-16,4,1,Jan,2016,Q1,Q1-2016
05-Jan-16,5,1,Jan,2016,Q1,Q1-2016
06-Jan-16,6,1,Jan,2016,Q1,Q1-2016
07-Jan-16,7,1,Jan,2016,Q1,Q1-2016
08-Jan-16,8,1,Jan,2016,Q1,Q1-2016
09-Jan-16,9,1,Jan,2016,Q1,Q1-2016
10-Jan-16,10,1,Jan,2016,Q1,Q1-2016
11-Jan-16,11,1,Jan,2016,Q1,Q1-2016
12-Jan-16,12,1,Jan,2016,Q1,Q1-2016
13-Jan-16,13,1,Jan,2016,Q1,Q1-2016
14-Jan-16,14,1,Jan,2016,Q1,Q1-2016
15-Jan-16,15,1,Jan,2016,Q1,Q1-2016
16-Jan-16,16,1,Jan,2016,Q1,Q1-2016
17-Jan-16,17,1,Jan,2016,Q1,Q1-2016
18-Jan-16,18,1,Jan,2016,Q1,Q1-2016
19-Jan-16,19,1,Jan,2016,Q1,Q1-2016
20-Jan-16,20,1,Jan,2016,Q1,Q1-2016
21-Jan-16,21,1,Jan,2016,Q1,Q1-2016
22-Jan-16,22,1,Jan,2016,Q1,Q1-2016
23-Jan-16,23,1,Jan,2016,Q1,Q1-2016
24-Jan-16,24,1,Jan,2016,Q1,Q1-2016
25-Jan-16,25,1,Jan,2016,Q1,Q1-2016
26-Jan-16,26,1,Jan,2016,Q1,Q1-2016
27-Jan-16,27,1,Jan,2016,Q1,Q1-2016
28-Jan-16,28,1,Jan,2016,Q1,Q1-2016
29-Jan-16,29,1,Jan,2016,Q1,Q1-2016
30-Jan-16,30,1,Jan,2016,Q1,Q1-2016
31-Jan-16,31,1,Jan,2016,Q1,Q1-2016
01-Feb-16,1,2,Feb,2016,Q1,Q1-2016
02-Feb-16,2,2,Feb,2016,Q1,Q1-2016
03-Feb-16,3,2,Feb,2016,Q1,Q1-2016
04-Feb-16,4,2,Feb,2016,Q1,Q1-2016
05-Feb-16,5,2,Feb,2016,Q1,Q1-2016
06-Feb-16,6,2,Feb,2016,Q1,Q1-2016
07-Feb-16,7,2,Feb,2016,Q1,Q1-2016
08-Feb-16,8,2,Feb,2016,Q1,Q1-2016
09-Feb-16,9,2,Feb,2016,Q1,Q1-2016
10-Feb-16,10,2,Feb,2016,Q1,Q1-2016
11-Feb-16,11,2,Feb,2016,Q1,Q1-2016
12-Feb-16,12,2,Feb,2016,Q1,Q1-2016
13-Feb-16,13,2,Feb,2016,Q1,Q1-2016
14-Feb-16,14,2,Feb,2016,Q1,Q1-2016
15-Feb-16,15,2,Feb,2016,Q1,Q1-2016
16-Feb-16,16,2,Feb,2016,Q1,Q1-2016
17-Feb-16,17,2,Feb,2016,Q1,Q1-2016
18-Feb-16,18,2,Feb,2016,Q1,Q1-2016
19-Feb-16,19,2,Feb,2016,Q1,Q1-2016
20-Feb-16,20,2,Feb,2016,Q1,Q1-2016
21-Feb-16,21,2,Feb,2016,Q1,Q1-2016
22-Feb-16,22,2,Feb,2016,Q1,Q1-2016
23-Feb-16,23,2,Feb,2016,Q1,Q1-2016
24-Feb-16,24,2,Feb,2016,Q1,Q1-2016
25-Feb-16,25,2,Feb,2016,Q1,Q1-2016
26-Feb-16,26,2,Feb,2016,Q1,Q1-2016
27-Feb-16,27,2,Feb,2016,Q1,Q1-2016
28-Feb-16,28,2,Feb,2016,Q1,Q1-2016
29-Feb-16,29,2,Feb,2016,Q1,Q1-2016
01-Mar-16,1,3,Mar,2016,Q1,Q1-2016
02-Mar-16,2,3,Mar,2016,Q1,Q1-2016
03-Mar-16,3,3,Mar,2016,Q1,Q1-2016
04-Mar-16,4,3,Mar,2016,Q1,Q1-2016
05-Mar-16,5,3,Mar,2016,Q1,Q1-2016
06-Mar-16,6,3,Mar,2016,Q1,Q1-2016
07-Mar-16,7,3,Mar,2016,Q1,Q1-2016
08-Mar-16,8,3,Mar,2016,Q1,Q1-2016
09-Mar-16,9,3,Mar,2016,Q1,Q1-2016
10-Mar-16,10,3,Mar,2016,Q1,Q1-2016
11-Mar-16,11,3,Mar,2016,Q1,Q1-2016
12-Mar-16,12,3,Mar,2016,Q1,Q1-2016
13-Mar-16,13,3,Mar,2016,Q1,Q1-2016
14-Mar-16,14,3,Mar,2016,Q1,Q1-2016
15-Mar-16,15,3,Mar,2016,Q1,Q1-2016
16-Mar-16,16,3,Mar,2016,Q1,Q1-2016
17-Mar-16,17,3,Mar,2016,Q1,Q1-2016
18-Mar-16,18,3,Mar,2016,Q1,Q1-2016
19-Mar-16,19,3,Mar,2016,Q1,Q1-2016
20-Mar-16,20,3,Mar,2016,Q1,Q1-2016
21-Mar-16,21,3,Mar,2016,Q1,Q1-2016
22-Mar-16,22,3,Mar,2016,Q1,Q1-2016
23-Mar-16,23,3,Mar,2016,Q1,Q1-2016
24-Mar-16,24,3,Mar,2016,Q1,Q1-2016
25-Mar-16,25,3,Mar,2016,Q1,Q1-2016
26-Mar-16,26,3,Mar,2016,Q1,Q1-2016
27-Mar-16,27,3,Mar,2016,Q1,Q1-2016
28-Mar-16,28,3,Mar,2016,Q1,Q1-2016
29-Mar-16,29,3,Mar,2016,Q1,Q1-2016
30-Mar-16,30,3,Mar,2016,Q1,Q1-2016
31-Mar-16,31,3,Mar,2016,Q1,Q1-2016
01-Apr-16,1,4,Apr,2016,Q2,Q2-2016
02-Apr-16,2,4,Apr,2016,Q2,Q2-2016
03-Apr-16,3,4,Apr,2016,Q2,Q2-2016
04-Apr-16,4,4,Apr,2016,Q2,Q2-2016
05-Apr-16,5,4,Apr,2016,Q2,Q2-2016
06-Apr-16,6,4,Apr,2016,Q2,Q2-2016
07-Apr-16,7,4,Apr,2016,Q2,Q2-2016
08-Apr-16,8,4,Apr,2016,Q2,Q2-2016
09-Apr-16,9,4,Apr,2016,Q2,Q2-2016
10-Apr-16,10,4,Apr,2016,Q2,Q2-2016
11-Apr-16,11,4,Apr,2016,Q2,Q2-2016
12-Apr-16,12,4,Apr,2016,Q2,Q2-2016
13-Apr-16,13,4,Apr,2016,Q2,Q2-2016
14-Apr-16,14,4,Apr,2016,Q2,Q2-2016
15-Apr-16,15,4,Apr,2016,Q2,Q2-2016
16-Apr-16,16,4,Apr,2016,Q2,Q2-2016
17-Apr-16,17,4,Apr,2016,Q2,Q2-2016
18-Apr-16,18,4,Apr,2016,Q2,Q2-2016
19-Apr-16,19,4,Apr,2016,Q2,Q2-2016
20-Apr-16,20,4,Apr,2016,Q2,Q2-2016
21-Apr-16,21,4,Apr,2016,Q2,Q2-2016
22-Apr-16,22,4,Apr,2016,Q2,Q2-2016
23-Apr-16,23,4,Apr,2016,Q2,Q2-2016
24-Apr-16,24,4,Apr,2016,Q2,Q2-2016
25-Apr-16,25,4,Apr,2016,Q2,Q2-2016
26-Apr-16,26,4,Apr,2016,Q2,Q2-2016
27-Apr-16,27,4,Apr,2016,Q2,Q2-2016
28-Apr-16,28,4,Apr,2016,Q2,Q2-2016
29-Apr-16,29,4,Apr,2016,Q2,Q2-2016
30-Apr-16,30,4,Apr,2016,Q2,Q2-2016
01-May-16,1,5,May,2016,Q2,Q2-2016
02-May-16,2,5,May,2016,Q2,Q2-2016
03-May-16,3,5,May,2016,Q2,Q2-2016
04-May-16,4,5,May,2016,Q2,Q2-2016
05-May-16,5,5,May,2016,Q2,Q2-2016
06-May-16,6,5,May,2016,Q2,Q2-2016
07-May-16,7,5,May,2016,Q2,Q2-2016
08-May-16,8,5,May,2016,Q2,Q2-2016
09-May-16,9,5,May,2016,Q2,Q2-2016
10-May-16,10,5,May,2016,Q2,Q2-2016
11-May-16,11,5,May,2016,Q2,Q2-2016
12-May-16,12,5,May,2016,Q2,Q2-2016
13-May-16,13,5,May,2016,Q2,Q2-2016
14-May-16,14,5,May,2016,Q2,Q2-2016
15-May-16,15,5,May,2016,Q2,Q2-2016
16-May-16,16,5,May,2016,Q2,Q2-2016
17-May-16,17,5,May,2016,Q2,Q2-2016
18-May-16,18,5,May,2016,Q2,Q2-2016
19-May-16,19,5,May,2016,Q2,Q2-2016
20-May-16,20,5,May,2016,Q2,Q2-2016
21-May-16,21,5,May,2016,Q2,Q2-2016
22-May-16,22,5,May,2016,Q2,Q2-2016
23-May-16,23,5,May,2016,Q2,Q2-2016
24-May-16,24,5,May,2016,Q2,Q2-2016
25-May-16,25,5,May,2016,Q2,Q2-2016
26-May-16,26,5,May,2016,Q2,Q2-2016
27-May-16,27,5,May,2016,Q2,Q2-2016
28-May-16,28,5,May,2016,Q2,Q2-2016
29-May-16,29,5,May,2016,Q2,Q2-2016
30-May-16,30,5,May,2016,Q2,Q2-2016
31-May-16,31,5,May,2016,Q2,Q2-2016
01-Jun-16,1,6,Jun,2016,Q2,Q2-2016
02-Jun-16,2,6,Jun,2016,Q2,Q2-2016
03-Jun-16,3,6,Jun,2016,Q2,Q2-2016
04-Jun-16,4,6,Jun,2016,Q2,Q2-2016
05-Jun-16,5,6,Jun,2016,Q2,Q2-2016
06-Jun-16,6,6,Jun,2016,Q2,Q2-2016
07-Jun-16,7,6,Jun,2016,Q2,Q2-2016
08-Jun-16,8,6,Jun,2016,Q2,Q2-2016
09-Jun-16,9,6,Jun,2016,Q2,Q2-2016
10-Jun-16,10,6,Jun,2016,Q2,Q2-2016
11-Jun-16,11,6,Jun,2016,Q2,Q2-2016
12-Jun-16,12,6,Jun,2016,Q2,Q2-2016
13-Jun-16,13,6,Jun,2016,Q2,Q2-2016
14-Jun-16,14,6,Jun,2016,Q2,Q2-2016
15-Jun-16,15,6,Jun,2016,Q2,Q2-2016
16-Jun-16,16,6,Jun,2016,Q2,Q2-2016
17-Jun-16,17,6,Jun,2016,Q2,Q2-2016
18-Jun-16,18,6,Jun,2016,Q2,Q2-2016
19-Jun-16,19,6,Jun,2016,Q2,Q2-2016
20-Jun-16,20,6,Jun,2016,Q2,Q2-2016
21-Jun-16,21,6,Jun,2016,Q2,Q2-2016
22-Jun-16,22,6,Jun,2016,Q2,Q2-2016
23-Jun-16,23,6,Jun,2016,Q2,Q2-2016
24-Jun-16,24,6,Jun,2016,Q2,Q2-2016
25-Jun-16,25,6,Jun,2016,Q2,Q2-2016
26-Jun-16,26,6,Jun,2016,Q2,Q2-2016
27-Jun-16,27,6,Jun,2016,Q2,Q2-2016
28-Jun-16,28,6,Jun,2016,Q2,Q2-2016
29-Jun-16,29,6,Jun,2016,Q2,Q2-2016
30-Jun-16,30,6,Jun,2016,Q2,Q2-2016
01-Jul-16,1,7,Jul,2016,Q3,Q3-2016
02-Jul-16,2,7,Jul,2016,Q3,Q3-2016
03-Jul-16,3,7,Jul,2016,Q3,Q3-2016
04-Jul-16,4,7,Jul,2016,Q3,Q3-2016
05-Jul-16,5,7,Jul,2016,Q3,Q3-2016
06-Jul-16,6,7,Jul,2016,Q3,Q3-2016
07-Jul-16,7,7,Jul,2016,Q3,Q3-2016
08-Jul-16,8,7,Jul,2016,Q3,Q3-2016
09-Jul-16,9,7,Jul,2016,Q3,Q3-2016
10-Jul-16,10,7,Jul,2016,Q3,Q3-2016
11-Jul-16,11,7,Jul,2016,Q3,Q3-2016
12-Jul-16,12,7,Jul,2016,Q3,Q3-2016
13-Jul-16,13,7,Jul,2016,Q3,Q3-2016
14-Jul-16,14,7,Jul,2016,Q3,Q3-2016
15-Jul-16,15,7,Jul,2016,Q3,Q3-2016
16-Jul-16,16,7,Jul,2016,Q3,Q3-2016
17-Jul-16,17,7,Jul,2016,Q3,Q3-2016
18-Jul-16,18,7,Jul,2016,Q3,Q3-2016
19-Jul-16,19,7,Jul,2016,Q3,Q3-2016
20-Jul-16,20,7,Jul,2016,Q3,Q3-2016
21-Jul-16,21,7,Jul,2016,Q3,Q3-2016
22-Jul-16,22,7,Jul,2016,Q3,Q3-2016
23-Jul-16,23,7,Jul,2016,Q3,Q3-2016
24-Jul-16,24,7,Jul,2016,Q3,Q3-2016
25-Jul-16,25,7,Jul,2016,Q3,Q3-2016
26-Jul-16,26,7,Jul,2016,Q3,Q3-2016
27-Jul-16,27,7,Jul,2016,Q3,Q3-2016
28-Jul-16,28,7,Jul,2016,Q3,Q3-2016
29-Jul-16,29,7,Jul,2016,Q3,Q3-2016
30-Jul-16,30,7,Jul,2016,Q3,Q3-2016
31-Jul-16,31,7,Jul,2016,Q3,Q3-2016
01-Aug-16,1,8,Aug,2016,Q3,Q3-2016
02-Aug-16,2,8,Aug,2016,Q3,Q3-2016
03-Aug-16,3,8,Aug,2016,Q3,Q3-2016
04-Aug-16,4,8,Aug,2016,Q3,Q3-2016
05-Aug-16,5,8,Aug,2016,Q3,Q3-2016
06-Aug-16,6,8,Aug,2016,Q3,Q3-2016
07-Aug-16,7,8,Aug,2016,Q3,Q3-2016
08-Aug-16,8,8,Aug,2016,Q3,Q3-2016
09-Aug-16,9,8,Aug,2016,Q3,Q3-2016
10-Aug-16,10,8,Aug,2016,Q3,Q3-2016
11-Aug-16,11,8,Aug,2016,Q3,Q3-2016
12-Aug-16,12,8,Aug,2016,Q3,Q3-2016
13-Aug-16,13,8,Aug,2016,Q3,Q3-2016
14-Aug-16,14,8,Aug,2016,Q3,Q3-2016
15-Aug-16,15,8,Aug,2016,Q3,Q3-2016
16-Aug-16,16,8,Aug,2016,Q3,Q3-2016
17-Aug-16,17,8,Aug,2016,Q3,Q3-2016
18-Aug-16,18,8,Aug,2016,Q3,Q3-2016
19-Aug-16,19,8,Aug,2016,Q3,Q3-2016
20-Aug-16,20,8,Aug,2016,Q3,Q3-2016
21-Aug-16,21,8,Aug,2016,Q3,Q3-2016
22-Aug-16,22,8,Aug,2016,Q3,Q3-2016
23-Aug-16,23,8,Aug,2016,Q3,Q3-2016
24-Aug-16,24,8,Aug,2016,Q3,Q3-2016
25-Aug-16,25,8,Aug,2016,Q3,Q3-2016
26-Aug-16,26,8,Aug,2016,Q3,Q3-2016
27-Aug-16,27,8,Aug,2016,Q3,Q3-2016
28-Aug-16,28,8,Aug,2016,Q3,Q3-2016
29-Aug-16,29,8,Aug,2016,Q3,Q3-2016
30-Aug-16,30,8,Aug,2016,Q3,Q3-2016
31-Aug-16,31,8,Aug,2016,Q3,Q3-2016
01-Sep-16,1,9,Sept,2016,Q3,Q3-2016
02-Sep-16,2,9,Sept,2016,Q3,Q3-2016
03-Sep-16,3,9,Sept,2016,Q3,Q3-2016
04-Sep-16,4,9,Sept,2016,Q3,Q3-2016
05-Sep-16,5,9,Sept,2016,Q3,Q3-2016
06-Sep-16,6,9,Sept,2016,Q3,Q3-2016
07-Sep-16,7,9,Sept,2016,Q3,Q3-2016
08-Sep-16,8,9,Sept,2016,Q3,Q3-2016
09-Sep-16,9,9,Sept,2016,Q3,Q3-2016
10-Sep-16,10,9,Sept,2016,Q3,Q3-2016
11-Sep-16,11,9,Sept,2016,Q3,Q3-2016
12-Sep-16,12,9,Sept,2016,Q3,Q3-2016
13-Sep-16,13,9,Sept,2016,Q3,Q3-2016
14-Sep-16,14,9,Sept,2016,Q3,Q3-2016
15-Sep-16,15,9,Sept,2016,Q3,Q3-2016
16-Sep-16,16,9,Sept,2016,Q3,Q3-2016
17-Sep-16,17,9,Sept,2016,Q3,Q3-2016
18-Sep-16,18,9,Sept,2016,Q3,Q3-2016
19-Sep-16,19,9,Sept,2016,Q3,Q3-2016
20-Sep-16,20,9,Sept,2016,Q3,Q3-2016
21-Sep-16,21,9,Sept,2016,Q3,Q3-2016
22-Sep-16,22,9,Sept,2016,Q3,Q3-2016
23-Sep-16,23,9,Sept,2016,Q3,Q3-2016
24-Sep-16,24,9,Sept,2016,Q3,Q3-2016
25-Sep-16,25,9,Sept,2016,Q3,Q3-2016
26-Sep-16,26,9,Sept,2016,Q3,Q3-2016
27-Sep-16,27,9,Sept,2016,Q3,Q3-2016
28-Sep-16,28,9,Sept,2016,Q3,Q3-2016
29-Sep-16,29,9,Sept,2016,Q3,Q3-2016
30-Sep-16,30,9,Sept,2016,Q3,Q3-2016
01-Oct-16,1,10,Oct,2016,Q4,Q4-2016
02-Oct-16,2,10,Oct,2016,Q4,Q4-2016
03-Oct-16,3,10,Oct,2016,Q4,Q4-2016
04-Oct-16,4,10,Oct,2016,Q4,Q4-2016
05-Oct-16,5,10,Oct,2016,Q4,Q4-2016
06-Oct-16,6,10,Oct,2016,Q4,Q4-2016
07-Oct-16,7,10,Oct,2016,Q4,Q4-2016
08-Oct-16,8,10,Oct,2016,Q4,Q4-2016
09-Oct-16,9,10,Oct,2016,Q4,Q4-2016
10-Oct-16,10,10,Oct,2016,Q4,Q4-2016
11-Oct-16,11,10,Oct,2016,Q4,Q4-2016
12-Oct-16,12,10,Oct,2016,Q4,Q4-2016
13-Oct-16,13,10,Oct,2016,Q4,Q4-2016
14-Oct-16,14,10,Oct,2016,Q4,Q4-2016
15-Oct-16,15,10,Oct,2016,Q4,Q4-2016
16-Oct-16,16,10,Oct,2016,Q4,Q4-2016
17-Oct-16,17,10,Oct,2016,Q4,Q4-2016
18-Oct-16,18,10,Oct,2016,Q4,Q4-2016
19-Oct-16,19,10,Oct,2016,Q4,Q4-2016
20-Oct-16,20,10,Oct,2016,Q4,Q4-2016
21-Oct-16,21,10,Oct,2016,Q4,Q4-2016
22-Oct-16,22,10,Oct,2016,Q4,Q4-2016
23-Oct-16,23,10,Oct,2016,Q4,Q4-2016
24-Oct-16,24,10,Oct,2016,Q4,Q4-2016
25-Oct-16,25,10,Oct,2016,Q4,Q4-2016
26-Oct-16,26,10,Oct,2016,Q4,Q4-2016
27-Oct-16,27,10,Oct,2016,Q4,Q4-2016
28-Oct-16,28,10,Oct,2016,Q4,Q4-2016
29-Oct-16,29,10,Oct,2016,Q4,Q4-2016
30-Oct-16,30,10,Oct,2016,Q4,Q4-2016
31-Oct-16,31,10,Oct,2016,Q4,Q4-2016
01-Nov-16,1,11,Nov,2016,Q4,Q4-2016
02-Nov-16,2,11,Nov,2016,Q4,Q4-2016
03-Nov-16,3,11,Nov,2016,Q4,Q4-2016
04-Nov-16,4,11,Nov,2016,Q4,Q4-2016
05-Nov-16,5,11,Nov,2016,Q4,Q4-2016
06-Nov-16,6,11,Nov,2016,Q4,Q4-2016
07-Nov-16,7,11,Nov,2016,Q4,Q4-2016
08-Nov-16,8,11,Nov,2016,Q4,Q4-2016
09-Nov-16,9,11,Nov,2016,Q4,Q4-2016
10-Nov-16,10,11,Nov,2016,Q4,Q4-2016
11-Nov-16,11,11,Nov,2016,Q4,Q4-2016
12-Nov-16,12,11,Nov,2016,Q4,Q4-2016
13-Nov-16,13,11,Nov,2016,Q4,Q4-2016
14-Nov-16,14,11,Nov,2016,Q4,Q4-2016
15-Nov-16,15,11,Nov,2016,Q4,Q4-2016
16-Nov-16,16,11,Nov,2016,Q4,Q4-2016
17-Nov-16,17,11,Nov,2016,Q4,Q4-2016
18-Nov-16,18,11,Nov,2016,Q4,Q4-2016
19-Nov-16,19,11,Nov,2016,Q4,Q4-2016
20-Nov-16,20,11,Nov,2016,Q4,Q4-2016
21-Nov-16,21,11,Nov,2016,Q4,Q4-2016
22-Nov-16,22,11,Nov,2016,Q4,Q4-2016
23-Nov-16,23,11,Nov,2016,Q4,Q4-2016
24-Nov-16,24,11,Nov,2016,Q4,Q4-2016
25-Nov-16,25,11,Nov,2016,Q4,Q4-2016
26-Nov-16,26,11,Nov,2016,Q4,Q4-2016
27-Nov-16,27,11,Nov,2016,Q4,Q4-2016
28-Nov-16,28,11,Nov,2016,Q4,Q4-2016
29-Nov-16,29,11,Nov,2016,Q4,Q4-2016
30-Nov-16,30,11,Nov,2016,Q4,Q4-2016
01-Dec-16,1,12,Dec,2016,Q4,Q4-2016
02-Dec-16,2,12,Dec,2016,Q4,Q4-2016
03-Dec-16,3,12,Dec,2016,Q4,Q4-2016
04-Dec-16,4,12,Dec,2016,Q4,Q4-2016
05-Dec-16,5,12,Dec,2016,Q4,Q4-2016
06-Dec-16,6,12,Dec,2016,Q4,Q4-2016
07-Dec-16,7,12,Dec,2016,Q4,Q4-2016
08-Dec-16,8,12,Dec,2016,Q4,Q4-2016
09-Dec-16,9,12,Dec,2016,Q4,Q4-2016
10-Dec-16,10,12,Dec,2016,Q4,Q4-2016
11-Dec-16,11,12,Dec,2016,Q4,Q4-2016
12-Dec-16,12,12,Dec,2016,Q4,Q4-2016
13-Dec-16,13,12,Dec,2016,Q4,Q4-2016
14-Dec-16,14,12,Dec,2016,Q4,Q4-2016
15-Dec-16,15,12,Dec,2016,Q4,Q4-2016
16-Dec-16,16,12,Dec,2016,Q4,Q4-2016
17-Dec-16,17,12,Dec,2016,Q4,Q4-2016
18-Dec-16,18,12,Dec,2016,Q4,Q4-2016
19-Dec-16,19,12,Dec,2016,Q4,Q4-2016
20-Dec-16,20,12,Dec,2016,Q4,Q4-2016
21-Dec-16,21,12,Dec,2016,Q4,Q4-2016
22-Dec-16,22,12,Dec,2016,Q4,Q4-2016
23-Dec-16,23,12,Dec,2016,Q4,Q4-2016
24-Dec-16,24,12,Dec,2016,Q4,Q4-2016
25-Dec-16,25,12,Dec,2016,Q4,Q4-2016
26-Dec-16,26,12,Dec,2016,Q4,Q4-2016
27-Dec-16,27,12,Dec,2016,Q4,Q4-2016
28-Dec-16,28,12,Dec,2016,Q4,Q4-2016
29-Dec-16,29,12,Dec,2016,Q4,Q4-2016
30-Dec-16,30,12,Dec,2016,Q4,Q4-2016
31-Dec-16,31,12,Dec,2016,Q4,Q4-2016
01-Jan-17,1,1,Jan,2017,Q1,Q1-2017
02-Jan-17,2,1,Jan,2017,Q1,Q1-2017
03-Jan-17,3,1,Jan,2017,Q1,Q1-2017
04-Jan-17,4,1,Jan,2017,Q1,Q1-2017
05-Jan-17,5,1,Jan,2017,Q1,Q1-2017
06-Jan-17,6,1,Jan,2017,Q1,Q1-2017
07-Jan-17,7,1,Jan,2017,Q1,Q1-2017
08-Jan-17,8,1,Jan,2017,Q1,Q1-2017
09-Jan-17,9,1,Jan,2017,Q1,Q1-2017
10-Jan-17,10,1,Jan,2017,Q1,Q1-2017
11-Jan-17,11,1,Jan,2017,Q1,Q1-2017
12-Jan-17,12,1,Jan,2017,Q1,Q1-2017
13-Jan-17,13,1,Jan,2017,Q1,Q1-2017
14-Jan-17,14,1,Jan,2017,Q1,Q1-2017
15-Jan-17,15,1,Jan,2017,Q1,Q1-2017
16-Jan-17,16,1,Jan,2017,Q1,Q1-2017
17-Jan-17,17,1,Jan,2017,Q1,Q1-2017
18-Jan-17,18,1,Jan,2017,Q1,Q1-2017
19-Jan-17,19,1,Jan,2017,Q1,Q1-2017
20-Jan-17,20,1,Jan,2017,Q1,Q1-2017
21-Jan-17,21,1,Jan,2017,Q1,Q1-2017
22-Jan-17,22,1,Jan,2017,Q1,Q1-2017
23-Jan-17,23,1,Jan,2017,Q1,Q1-2017
24-Jan-17,24,1,Jan,2017,Q1,Q1-2017
25-Jan-17,25,1,Jan,2017,Q1,Q1-2017
26-Jan-17,26,1,Jan,2017,Q1,Q1-2017
27-Jan-17,27,1,Jan,2017,Q1,Q1-2017
28-Jan-17,28,1,Jan,2017,Q1,Q1-2017
29-Jan-17,29,1,Jan,2017,Q1,Q1-2017
30-Jan-17,30,1,Jan,2017,Q1,Q1-2017
31-Jan-17,31,1,Jan,2017,Q1,Q1-2017
01-Feb-17,1,2,Feb,2017,Q1,Q1-2017
02-Feb-17,2,2,Feb,2017,Q1,Q1-2017
03-Feb-17,3,2,Feb,2017,Q1,Q1-2017
04-Feb-17,4,2,Feb,2017,Q1,Q1-2017
05-Feb-17,5,2,Feb,2017,Q1,Q1-2017
06-Feb-17,6,2,Feb,2017,Q1,Q1-2017
07-Feb-17,7,2,Feb,2017,Q1,Q1-2017
08-Feb-17,8,2,Feb,2017,Q1,Q1-2017
09-Feb-17,9,2,Feb,2017,Q1,Q1-2017
10-Feb-17,10,2,Feb,2017,Q1,Q1-2017
11-Feb-17,11,2,Feb,2017,Q1,Q1-2017
12-Feb-17,12,2,Feb,2017,Q1,Q1-2017
13-Feb-17,13,2,Feb,2017,Q1,Q1-2017
14-Feb-17,14,2,Feb,2017,Q1,Q1-2017
15-Feb-17,15,2,Feb,2017,Q1,Q1-2017
16-Feb-17,16,2,Feb,2017,Q1,Q1-2017
17-Feb-17,17,2,Feb,2017,Q1,Q1-2017
18-Feb-17,18,2,Feb,2017,Q1,Q1-2017
19-Feb-17,19,2,Feb,2017,Q1,Q1-2017
20-Feb-17,20,2,Feb,2017,Q1,Q1-2017
21-Feb-17,21,2,Feb,2017,Q1,Q1-2017
22-Feb-17,22,2,Feb,2017,Q1,Q1-2017
23-Feb-17,23,2,Feb,2017,Q1,Q1-2017
24-Feb-17,24,2,Feb,2017,Q1,Q1-2017
25-Feb-17,25,2,Feb,2017,Q1,Q1-2017
26-Feb-17,26,2,Feb,2017,Q1,Q1-2017
27-Feb-17,27,2,Feb,2017,Q1,Q1-2017
28-Feb-17,28,2,Feb,2017,Q1,Q1-2017
01-Mar-17,1,3,Mar,2017,Q1,Q1-2017
02-Mar-17,2,3,Mar,2017,Q1,Q1-2017
03-Mar-17,3,3,Mar,2017,Q1,Q1-2017
04-Mar-17,4,3,Mar,2017,Q1,Q1-2017
05-Mar-17,5,3,Mar,2017,Q1,Q1-2017
06-Mar-17,6,3,Mar,2017,Q1,Q1-2017
07-Mar-17,7,3,Mar,2017,Q1,Q1-2017
08-Mar-17,8,3,Mar,2017,Q1,Q1-2017
09-Mar-17,9,3,Mar,2017,Q1,Q1-2017
10-Mar-17,10,3,Mar,2017,Q1,Q1-2017
11-Mar-17,11,3,Mar,2017,Q1,Q1-2017
12-Mar-17,12,3,Mar,2017,Q1,Q1-2017
13-Mar-17,13,3,Mar,2017,Q1,Q1-2017
14-Mar-17,14,3,Mar,2017,Q1,Q1-2017
15-Mar-17,15,3,Mar,2017,Q1,Q1-2017
16-Mar-17,16,3,Mar,2017,Q1,Q1-2017
17-Mar-17,17,3,Mar,2017,Q1,Q1-2017
18-Mar-17,18,3,Mar,2017,Q1,Q1-2017
19-Mar-17,19,3,Mar,2017,Q1,Q1-2017
20-Mar-17,20,3,Mar,2017,Q1,Q1-2017
21-Mar-17,21,3,Mar,2017,Q1,Q1-2017
22-Mar-17,22,3,Mar,2017,Q1,Q1-2017
23-Mar-17,23,3,Mar,2017,Q1,Q1-2017
24-Mar-17,24,3,Mar,2017,Q1,Q1-2017
25-Mar-17,25,3,Mar,2017,Q1,Q1-2017
26-Mar-17,26,3,Mar,2017,Q1,Q1-2017
27-Mar-17,27,3,Mar,2017,Q1,Q1-2017
28-Mar-17,28,3,Mar,2017,Q1,Q1-2017
29-Mar-17,29,3,Mar,2017,Q1,Q1-2017
30-Mar-17,30,3,Mar,2017,Q1,Q1-2017
31-Mar-17,31,3,Mar,2017,Q1,Q1-2017
01-Apr-17,1,4,Apr,2017,Q2,Q2-2017
02-Apr-17,2,4,Apr,2017,Q2,Q2-2017
03-Apr-17,3,4,Apr,2017,Q2,Q2-2017
04-Apr-17,4,4,Apr,2017,Q2,Q2-2017
05-Apr-17,5,4,Apr,2017,Q2,Q2-2017
06-Apr-17,6,4,Apr,2017,Q2,Q2-2017
07-Apr-17,7,4,Apr,2017,Q2,Q2-2017
08-Apr-17,8,4,Apr,2017,Q2,Q2-2017
09-Apr-17,9,4,Apr,2017,Q2,Q2-2017
10-Apr-17,10,4,Apr,2017,Q2,Q2-2017
11-Apr-17,11,4,Apr,2017,Q2,Q2-2017
12-Apr-17,12,4,Apr,2017,Q2,Q2-2017
13-Apr-17,13,4,Apr,2017,Q2,Q2-2017
14-Apr-17,14,4,Apr,2017,Q2,Q2-2017
15-Apr-17,15,4,Apr,2017,Q2,Q2-2017
16-Apr-17,16,4,Apr,2017,Q2,Q2-2017
17-Apr-17,17,4,Apr,2017,Q2,Q2-2017
18-Apr-17,18,4,Apr,2017,Q2,Q2-2017
19-Apr-17,19,4,Apr,2017,Q2,Q2-2017
20-Apr-17,20,4,Apr,2017,Q2,Q2-2017
21-Apr-17,21,4,Apr,2017,Q2,Q2-2017
22-Apr-17,22,4,Apr,2017,Q2,Q2-2017
23-Apr-17,23,4,Apr,2017,Q2,Q2-2017
24-Apr-17,24,4,Apr,2017,Q2,Q2-2017
25-Apr-17,25,4,Apr,2017,Q2,Q2-2017
26-Apr-17,26,4,Apr,2017,Q2,Q2-2017
27-Apr-17,27,4,Apr,2017,Q2,Q2-2017
28-Apr-17,28,4,Apr,2017,Q2,Q2-2017
29-Apr-17,29,4,Apr,2017,Q2,Q2-2017
30-Apr-17,30,4,Apr,2017,Q2,Q2-2017
01-May-17,1,5,May,2017,Q2,Q2-2017
02-May-17,2,5,May,2017,Q2,Q2-2017
03-May-17,3,5,May,2017,Q2,Q2-2017
04-May-17,4,5,May,2017,Q2,Q2-2017
05-May-17,5,5,May,2017,Q2,Q2-2017
06-May-17,6,5,May,2017,Q2,Q2-2017
07-May-17,7,5,May,2017,Q2,Q2-2017
08-May-17,8,5,May,2017,Q2,Q2-2017
09-May-17,9,5,May,2017,Q2,Q2-2017
10-May-17,10,5,May,2017,Q2,Q2-2017
11-May-17,11,5,May,2017,Q2,Q2-2017
12-May-17,12,5,May,2017,Q2,Q2-2017
13-May-17,13,5,May,2017,Q2,Q2-2017
14-May-17,14,5,May,2017,Q2,Q2-2017
15-May-17,15,5,May,2017,Q2,Q2-2017
16-May-17,16,5,May,2017,Q2,Q2-2017
17-May-17,17,5,May,2017,Q2,Q2-2017
18-May-17,18,5,May,2017,Q2,Q2-2017
19-May-17,19,5,May,2017,Q2,Q2-2017
20-May-17,20,5,May,2017,Q2,Q2-2017
21-May-17,21,5,May,2017,Q2,Q2-2017
22-May-17,22,5,May,2017,Q2,Q2-2017
23-May-17,23,5,May,2017,Q2,Q2-2017
24-May-17,24,5,May,2017,Q2,Q2-2017
25-May-17,25,5,May,2017,Q2,Q2-2017
26-May-17,26,5,May,2017,Q2,Q2-2017
27-May-17,27,5,May,2017,Q2,Q2-2017
28-May-17,28,5,May,2017,Q2,Q2-2017
29-May-17,29,5,May,2017,Q2,Q2-2017
30-May-17,30,5,May,2017,Q2,Q2-2017
31-May-17,31,5,May,2017,Q2,Q2-2017
01-Jun-17,1,6,Jun,2017,Q2,Q2-2017
02-Jun-17,2,6,Jun,2017,Q2,Q2-2017
03-Jun-17,3,6,Jun,2017,Q2,Q2-2017
04-Jun-17,4,6,Jun,2017,Q2,Q2-2017
05-Jun-17,5,6,Jun,2017,Q2,Q2-2017
06-Jun-17,6,6,Jun,2017,Q2,Q2-2017
07-Jun-17,7,6,Jun,2017,Q2,Q2-2017
08-Jun-17,8,6,Jun,2017,Q2,Q2-2017
09-Jun-17,9,6,Jun,2017,Q2,Q2-2017
10-Jun-17,10,6,Jun,2017,Q2,Q2-2017
11-Jun-17,11,6,Jun,2017,Q2,Q2-2017
12-Jun-17,12,6,Jun,2017,Q2,Q2-2017
13-Jun-17,13,6,Jun,2017,Q2,Q2-2017
14-Jun-17,14,6,Jun,2017,Q2,Q2-2017
15-Jun-17,15,6,Jun,2017,Q2,Q2-2017
16-Jun-17,16,6,Jun,2017,Q2,Q2-2017
17-Jun-17,17,6,Jun,2017,Q2,Q2-2017
18-Jun-17,18,6,Jun,2017,Q2,Q2-2017
19-Jun-17,19,6,Jun,2017,Q2,Q2-2017
20-Jun-17,20,6,Jun,2017,Q2,Q2-2017
21-Jun-17,21,6,Jun,2017,Q2,Q2-2017
22-Jun-17,22,6,Jun,2017,Q2,Q2-2017
23-Jun-17,23,6,Jun,2017,Q2,Q2-2017
24-Jun-17,24,6,Jun,2017,Q2,Q2-2017
25-Jun-17,25,6,Jun,2017,Q2,Q2-2017
26-Jun-17,26,6,Jun,2017,Q2,Q2-2017
27-Jun-17,27,6,Jun,2017,Q2,Q2-2017
28-Jun-17,28,6,Jun,2017,Q2,Q2-2017
29-Jun-17,29,6,Jun,2017,Q2,Q2-2017
30-Jun-17,30,6,Jun,2017,Q2,Q2-2017
01-Jul-17,1,7,Jul,2017,Q3,Q3-2017
02-Jul-17,2,7,Jul,2017,Q3,Q3-2017
03-Jul-17,3,7,Jul,2017,Q3,Q3-2017
04-Jul-17,4,7,Jul,2017,Q3,Q3-2017
05-Jul-17,5,7,Jul,2017,Q3,Q3-2017
06-Jul-17,6,7,Jul,2017,Q3,Q3-2017
07-Jul-17,7,7,Jul,2017,Q3,Q3-2017
08-Jul-17,8,7,Jul,2017,Q3,Q3-2017
09-Jul-17,9,7,Jul,2017,Q3,Q3-2017
10-Jul-17,10,7,Jul,2017,Q3,Q3-2017
11-Jul-17,11,7,Jul,2017,Q3,Q3-2017
12-Jul-17,12,7,Jul,2017,Q3,Q3-2017
13-Jul-17,13,7,Jul,2017,Q3,Q3-2017
14-Jul-17,14,7,Jul,2017,Q3,Q3-2017
15-Jul-17,15,7,Jul,2017,Q3,Q3-2017
16-Jul-17,16,7,Jul,2017,Q3,Q3-2017
17-Jul-17,17,7,Jul,2017,Q3,Q3-2017
18-Jul-17,18,7,Jul,2017,Q3,Q3-2017
19-Jul-17,19,7,Jul,2017,Q3,Q3-2017
20-Jul-17,20,7,Jul,2017,Q3,Q3-2017
21-Jul-17,21,7,Jul,2017,Q3,Q3-2017
22-Jul-17,22,7,Jul,2017,Q3,Q3-2017
23-Jul-17,23,7,Jul,2017,Q3,Q3-2017
24-Jul-17,24,7,Jul,2017,Q3,Q3-2017
25-Jul-17,25,7,Jul,2017,Q3,Q3-2017
26-Jul-17,26,7,Jul,2017,Q3,Q3-2017
27-Jul-17,27,7,Jul,2017,Q3,Q3-2017
28-Jul-17,28,7,Jul,2017,Q3,Q3-2017
29-Jul-17,29,7,Jul,2017,Q3,Q3-2017
30-Jul-17,30,7,Jul,2017,Q3,Q3-2017
31-Jul-17,31,7,Jul,2017,Q3,Q3-2017
01-Aug-17,1,8,Aug,2017,Q3,Q3-2017
02-Aug-17,2,8,Aug,2017,Q3,Q3-2017
03-Aug-17,3,8,Aug,2017,Q3,Q3-2017
04-Aug-17,4,8,Aug,2017,Q3,Q3-2017
05-Aug-17,5,8,Aug,2017,Q3,Q3-2017
06-Aug-17,6,8,Aug,2017,Q3,Q3-2017
07-Aug-17,7,8,Aug,2017,Q3,Q3-2017
08-Aug-17,8,8,Aug,2017,Q3,Q3-2017
09-Aug-17,9,8,Aug,2017,Q3,Q3-2017
10-Aug-17,10,8,Aug,2017,Q3,Q3-2017
11-Aug-17,11,8,Aug,2017,Q3,Q3-2017
12-Aug-17,12,8,Aug,2017,Q3,Q3-2017
13-Aug-17,13,8,Aug,2017,Q3,Q3-2017
14-Aug-17,14,8,Aug,2017,Q3,Q3-2017
15-Aug-17,15,8,Aug,2017,Q3,Q3-2017
16-Aug-17,16,8,Aug,2017,Q3,Q3-2017
17-Aug-17,17,8,Aug,2017,Q3,Q3-2017
18-Aug-17,18,8,Aug,2017,Q3,Q3-2017
19-Aug-17,19,8,Aug,2017,Q3,Q3-2017
20-Aug-17,20,8,Aug,2017,Q3,Q3-2017
21-Aug-17,21,8,Aug,2017,Q3,Q3-2017
22-Aug-17,22,8,Aug,2017,Q3,Q3-2017
23-Aug-17,23,8,Aug,2017,Q3,Q3-2017
24-Aug-17,24,8,Aug,2017,Q3,Q3-2017
25-Aug-17,25,8,Aug,2017,Q3,Q3-2017
26-Aug-17,26,8,Aug,2017,Q3,Q3-2017
27-Aug-17,27,8,Aug,2017,Q3,Q3-2017
28-Aug-17,28,8,Aug,2017,Q3,Q3-2017
29-Aug-17,29,8,Aug,2017,Q3,Q3-2017
30-Aug-17,30,8,Aug,2017,Q3,Q3-2017
31-Aug-17,31,8,Aug,2017,Q3,Q3-2017
01-Sep-17,1,9,Sept,2017,Q3,Q3-2017
02-Sep-17,2,9,Sept,2017,Q3,Q3-2017
03-Sep-17,3,9,Sept,2017,Q3,Q3-2017
04-Sep-17,4,9,Sept,2017,Q3,Q3-2017
05-Sep-17,5,9,Sept,2017,Q3,Q3-2017
06-Sep-17,6,9,Sept,2017,Q3,Q3-2017
07-Sep-17,7,9,Sept,2017,Q3,Q3-2017
08-Sep-17,8,9,Sept,2017,Q3,Q3-2017
09-Sep-17,9,9,Sept,2017,Q3,Q3-2017
10-Sep-17,10,9,Sept,2017,Q3,Q3-2017
11-Sep-17,11,9,Sept,2017,Q3,Q3-2017
12-Sep-17,12,9,Sept,2017,Q3,Q3-2017
13-Sep-17,13,9,Sept,2017,Q3,Q3-2017
14-Sep-17,14,9,Sept,2017,Q3,Q3-2017
15-Sep-17,15,9,Sept,2017,Q3,Q3-2017
16-Sep-17,16,9,Sept,2017,Q3,Q3-2017
17-Sep-17,17,9,Sept,2017,Q3,Q3-2017
18-Sep-17,18,9,Sept,2017,Q3,Q3-2017
19-Sep-17,19,9,Sept,2017,Q3,Q3-2017
20-Sep-17,20,9,Sept,2017,Q3,Q3-2017
21-Sep-17,21,9,Sept,2017,Q3,Q3-2017
22-Sep-17,22,9,Sept,2017,Q3,Q3-2017
23-Sep-17,23,9,Sept,2017,Q3,Q3-2017
24-Sep-17,24,9,Sept,2017,Q3,Q3-2017
25-Sep-17,25,9,Sept,2017,Q3,Q3-2017
26-Sep-17,26,9,Sept,2017,Q3,Q3-2017
27-Sep-17,27,9,Sept,2017,Q3,Q3-2017
28-Sep-17,28,9,Sept,2017,Q3,Q3-2017
29-Sep-17,29,9,Sept,2017,Q3,Q3-2017
30-Sep-17,30,9,Sept,2017,Q3,Q3-2017
01-Oct-17,1,10,Oct,2017,Q4,Q4-2017
02-Oct-17,2,10,Oct,2017,Q4,Q4-2017
03-Oct-17,3,10,Oct,2017,Q4,Q4-2017
04-Oct-17,4,10,Oct,2017,Q4,Q4-2017
05-Oct-17,5,10,Oct,2017,Q4,Q4-2017
06-Oct-17,6,10,Oct,2017,Q4,Q4-2017
07-Oct-17,7,10,Oct,2017,Q4,Q4-2017
08-Oct-17,8,10,Oct,2017,Q4,Q4-2017
09-Oct-17,9,10,Oct,2017,Q4,Q4-2017
10-Oct-17,10,10,Oct,2017,Q4,Q4-2017
11-Oct-17,11,10,Oct,2017,Q4,Q4-2017
12-Oct-17,12,10,Oct,2017,Q4,Q4-2017
13-Oct-17,13,10,Oct,2017,Q4,Q4-2017
14-Oct-17,14,10,Oct,2017,Q4,Q4-2017
15-Oct-17,15,10,Oct,2017,Q4,Q4-2017
16-Oct-17,16,10,Oct,2017,Q4,Q4-2017
17-Oct-17,17,10,Oct,2017,Q4,Q4-2017
18-Oct-17,18,10,Oct,2017,Q4,Q4-2017
19-Oct-17,19,10,Oct,2017,Q4,Q4-2017
20-Oct-17,20,10,Oct,2017,Q4,Q4-2017
21-Oct-17,21,10,Oct,2017,Q4,Q4-2017
22-Oct-17,22,10,Oct,2017,Q4,Q4-2017
23-Oct-17,23,10,Oct,2017,Q4,Q4-2017
24-Oct-17,24,10,Oct,2017,Q4,Q4-2017
25-Oct-17,25,10,Oct,2017,Q4,Q4-2017
26-Oct-17,26,10,Oct,2017,Q4,Q4-2017
27-Oct-17,27,10,Oct,2017,Q4,Q4-2017
28-Oct-17,28,10,Oct,2017,Q4,Q4-2017
29-Oct-17,29,10,Oct,2017,Q4,Q4-2017
30-Oct-17,30,10,Oct,2017,Q4,Q4-2017
31-Oct-17,31,10,Oct,2017,Q4,Q4-2017
01-Nov-17,1,11,Nov,2017,Q4,Q4-2017
02-Nov-17,2,11,Nov,2017,Q4,Q4-2017
03-Nov-17,3,11,Nov,2017,Q4,Q4-2017
04-Nov-17,4,11,Nov,2017,Q4,Q4-2017
05-Nov-17,5,11,Nov,2017,Q4,Q4-2017
06-Nov-17,6,11,Nov,2017,Q4,Q4-2017
07-Nov-17,7,11,Nov,2017,Q4,Q4-2017
08-Nov-17,8,11,Nov,2017,Q4,Q4-2017
09-Nov-17,9,11,Nov,2017,Q4,Q4-2017
10-Nov-17,10,11,Nov,2017,Q4,Q4-2017
11-Nov-17,11,11,Nov,2017,Q4,Q4-2017
12-Nov-17,12,11,Nov,2017,Q4,Q4-2017
13-Nov-17,13,11,Nov,2017,Q4,Q4-2017
14-Nov-17,14,11,Nov,2017,Q4,Q4-2017
15-Nov-17,15,11,Nov,2017,Q4,Q4-2017
16-Nov-17,16,11,Nov,2017,Q4,Q4-2017
17-Nov-17,17,11,Nov,2017,Q4,Q4-2017
18-Nov-17,18,11,Nov,2017,Q4,Q4-2017
19-Nov-17,19,11,Nov,2017,Q4,Q4-2017
20-Nov-17,20,11,Nov,2017,Q4,Q4-2017
21-Nov-17,21,11,Nov,2017,Q4,Q4-2017
22-Nov-17,22,11,Nov,2017,Q4,Q4-2017
23-Nov-17,23,11,Nov,2017,Q4,Q4-2017
24-Nov-17,24,11,Nov,2017,Q4,Q4-2017
25-Nov-17,25,11,Nov,2017,Q4,Q4-2017
26-Nov-17,26,11,Nov,2017,Q4,Q4-2017
27-Nov-17,27,11,Nov,2017,Q4,Q4-2017
28-Nov-17,28,11,Nov,2017,Q4,Q4-2017
29-Nov-17,29,11,Nov,2017,Q4,Q4-2017
30-Nov-17,30,11,Nov,2017,Q4,Q4-2017
01-Dec-17,1,12,Dec,2017,Q4,Q4-2017
02-Dec-17,2,12,Dec,2017,Q4,Q4-2017
03-Dec-17,3,12,Dec,2017,Q4,Q4-2017
04-Dec-17,4,12,Dec,2017,Q4,Q4-2017
05-Dec-17,5,12,Dec,2017,Q4,Q4-2017
06-Dec-17,6,12,Dec,2017,Q4,Q4-2017
07-Dec-17,7,12,Dec,2017,Q4,Q4-2017
08-Dec-17,8,12,Dec,2017,Q4,Q4-2017
09-Dec-17,9,12,Dec,2017,Q4,Q4-2017
10-Dec-17,10,12,Dec,2017,Q4,Q4-2017
11-Dec-17,11,12,Dec,2017,Q4,Q4-2017
12-Dec-17,12,12,Dec,2017,Q4,Q4-2017
13-Dec-17,13,12,Dec,2017,Q4,Q4-2017
14-Dec-17,14,12,Dec,2017,Q4,Q4-2017
15-Dec-17,15,12,Dec,2017,Q4,Q4-2017
16-Dec-17,16,12,Dec,2017,Q4,Q4-2017
17-Dec-17,17,12,Dec,2017,Q4,Q4-2017
18-Dec-17,18,12,Dec,2017,Q4,Q4-2017
19-Dec-17,19,12,Dec,2017,Q4,Q4-2017
20-Dec-17,20,12,Dec,2017,Q4,Q4-2017
21-Dec-17,21,12,Dec,2017,Q4,Q4-2017
22-Dec-17,22,12,Dec,2017,Q4,Q4-2017
23-Dec-17,23,12,Dec,2017,Q4,Q4-2017
24-Dec-17,24,12,Dec,2017,Q4,Q4-2017
25-Dec-17,25,12,Dec,2017,Q4,Q4-2017
26-Dec-17,26,12,Dec,2017,Q4,Q4-2017
27-Dec-17,27,12,Dec,2017,Q4,Q4-2017
28-Dec-17,28,12,Dec,2017,Q4,Q4-2017
29-Dec-17,29,12,Dec,2017,Q4,Q4-2017
30-Dec-17,30,12,Dec,2017,Q4,Q4-2017
31-Dec-17,31,12,Dec,2017,Q4,Q4-2017
01-Jan-18,1,1,Jan,2018,Q1,Q1-2018
02-Jan-18,2,1,Jan,2018,Q1,Q1-2018
03-Jan-18,3,1,Jan,2018,Q1,Q1-2018
04-Jan-18,4,1,Jan,2018,Q1,Q1-2018
05-Jan-18,5,1,Jan,2018,Q1,Q1-2018
06-Jan-18,6,1,Jan,2018,Q1,Q1-2018
07-Jan-18,7,1,Jan,2018,Q1,Q1-2018
08-Jan-18,8,1,Jan,2018,Q1,Q1-2018
09-Jan-18,9,1,Jan,2018,Q1,Q1-2018
10-Jan-18,10,1,Jan,2018,Q1,Q1-2018
11-Jan-18,11,1,Jan,2018,Q1,Q1-2018
12-Jan-18,12,1,Jan,2018,Q1,Q1-2018
13-Jan-18,13,1,Jan,2018,Q1,Q1-2018
14-Jan-18,14,1,Jan,2018,Q1,Q1-2018
15-Jan-18,15,1,Jan,2018,Q1,Q1-2018
16-Jan-18,16,1,Jan,2018,Q1,Q1-2018
17-Jan-18,17,1,Jan,2018,Q1,Q1-2018
18-Jan-18,18,1,Jan,2018,Q1,Q1-2018
19-Jan-18,19,1,Jan,2018,Q1,Q1-2018
20-Jan-18,20,1,Jan,2018,Q1,Q1-2018
21-Jan-18,21,1,Jan,2018,Q1,Q1-2018
22-Jan-18,22,1,Jan,2018,Q1,Q1-2018
23-Jan-18,23,1,Jan,2018,Q1,Q1-2018
24-Jan-18,24,1,Jan,2018,Q1,Q1-2018
25-Jan-18,25,1,Jan,2018,Q1,Q1-2018
26-Jan-18,26,1,Jan,2018,Q1,Q1-2018
27-Jan-18,27,1,Jan,2018,Q1,Q1-2018
28-Jan-18,28,1,Jan,2018,Q1,Q1-2018
29-Jan-18,29,1,Jan,2018,Q1,Q1-2018
30-Jan-18,30,1,Jan,2018,Q1,Q1-2018
31-Jan-18,31,1,Jan,2018,Q1,Q1-2018
01-Feb-18,1,2,Feb,2018,Q1,Q1-2018
02-Feb-18,2,2,Feb,2018,Q1,Q1-2018
03-Feb-18,3,2,Feb,2018,Q1,Q1-2018
04-Feb-18,4,2,Feb,2018,Q1,Q1-2018
05-Feb-18,5,2,Feb,2018,Q1,Q1-2018
06-Feb-18,6,2,Feb,2018,Q1,Q1-2018
07-Feb-18,7,2,Feb,2018,Q1,Q1-2018
08-Feb-18,8,2,Feb,2018,Q1,Q1-2018
09-Feb-18,9,2,Feb,2018,Q1,Q1-2018
10-Feb-18,10,2,Feb,2018,Q1,Q1-2018
11-Feb-18,11,2,Feb,2018,Q1,Q1-2018
12-Feb-18,12,2,Feb,2018,Q1,Q1-2018
13-Feb-18,13,2,Feb,2018,Q1,Q1-2018
14-Feb-18,14,2,Feb,2018,Q1,Q1-2018
15-Feb-18,15,2,Feb,2018,Q1,Q1-2018
16-Feb-18,16,2,Feb,2018,Q1,Q1-2018
17-Feb-18,17,2,Feb,2018,Q1,Q1-2018
18-Feb-18,18,2,Feb,2018,Q1,Q1-2018
19-Feb-18,19,2,Feb,2018,Q1,Q1-2018
20-Feb-18,20,2,Feb,2018,Q1,Q1-2018
21-Feb-18,21,2,Feb,2018,Q1,Q1-2018
22-Feb-18,22,2,Feb,2018,Q1,Q1-2018
23-Feb-18,23,2,Feb,2018,Q1,Q1-2018
24-Feb-18,24,2,Feb,2018,Q1,Q1-2018
25-Feb-18,25,2,Feb,2018,Q1,Q1-2018
26-Feb-18,26,2,Feb,2018,Q1,Q1-2018
27-Feb-18,27,2,Feb,2018,Q1,Q1-2018
28-Feb-18,28,2,Feb,2018,Q1,Q1-2018
01-Mar-18,1,3,Mar,2018,Q1,Q1-2018
02-Mar-18,2,3,Mar,2018,Q1,Q1-2018
03-Mar-18,3,3,Mar,2018,Q1,Q1-2018
04-Mar-18,4,3,Mar,2018,Q1,Q1-2018
05-Mar-18,5,3,Mar,2018,Q1,Q1-2018
06-Mar-18,6,3,Mar,2018,Q1,Q1-2018
07-Mar-18,7,3,Mar,2018,Q1,Q1-2018
08-Mar-18,8,3,Mar,2018,Q1,Q1-2018
09-Mar-18,9,3,Mar,2018,Q1,Q1-2018
10-Mar-18,10,3,Mar,2018,Q1,Q1-2018
11-Mar-18,11,3,Mar,2018,Q1,Q1-2018
12-Mar-18,12,3,Mar,2018,Q1,Q1-2018
13-Mar-18,13,3,Mar,2018,Q1,Q1-2018
14-Mar-18,14,3,Mar,2018,Q1,Q1-2018
15-Mar-18,15,3,Mar,2018,Q1,Q1-2018
16-Mar-18,16,3,Mar,2018,Q1,Q1-2018
17-Mar-18,17,3,Mar,2018,Q1,Q1-2018
18-Mar-18,18,3,Mar,2018,Q1,Q1-2018
19-Mar-18,19,3,Mar,2018,Q1,Q1-2018
20-Mar-18,20,3,Mar,2018,Q1,Q1-2018
21-Mar-18,21,3,Mar,2018,Q1,Q1-2018
22-Mar-18,22,3,Mar,2018,Q1,Q1-2018
23-Mar-18,23,3,Mar,2018,Q1,Q1-2018
24-Mar-18,24,3,Mar,2018,Q1,Q1-2018
25-Mar-18,25,3,Mar,2018,Q1,Q1-2018
26-Mar-18,26,3,Mar,2018,Q1,Q1-2018
27-Mar-18,27,3,Mar,2018,Q1,Q1-2018
28-Mar-18,28,3,Mar,2018,Q1,Q1-2018
29-Mar-18,29,3,Mar,2018,Q1,Q1-2018
30-Mar-18,30,3,Mar,2018,Q1,Q1-2018
31-Mar-18,31,3,Mar,2018,Q1,Q1-2018
01-Apr-18,1,4,Apr,2018,Q2,Q2-2018
02-Apr-18,2,4,Apr,2018,Q2,Q2-2018
03-Apr-18,3,4,Apr,2018,Q2,Q2-2018
04-Apr-18,4,4,Apr,2018,Q2,Q2-2018
05-Apr-18,5,4,Apr,2018,Q2,Q2-2018
06-Apr-18,6,4,Apr,2018,Q2,Q2-2018
07-Apr-18,7,4,Apr,2018,Q2,Q2-2018
08-Apr-18,8,4,Apr,2018,Q2,Q2-2018
09-Apr-18,9,4,Apr,2018,Q2,Q2-2018
10-Apr-18,10,4,Apr,2018,Q2,Q2-2018
11-Apr-18,11,4,Apr,2018,Q2,Q2-2018
12-Apr-18,12,4,Apr,2018,Q2,Q2-2018
13-Apr-18,13,4,Apr,2018,Q2,Q2-2018
14-Apr-18,14,4,Apr,2018,Q2,Q2-2018
15-Apr-18,15,4,Apr,2018,Q2,Q2-2018
16-Apr-18,16,4,Apr,2018,Q2,Q2-2018
17-Apr-18,17,4,Apr,2018,Q2,Q2-2018
18-Apr-18,18,4,Apr,2018,Q2,Q2-2018
19-Apr-18,19,4,Apr,2018,Q2,Q2-2018
20-Apr-18,20,4,Apr,2018,Q2,Q2-2018
21-Apr-18,21,4,Apr,2018,Q2,Q2-2018
22-Apr-18,22,4,Apr,2018,Q2,Q2-2018
23-Apr-18,23,4,Apr,2018,Q2,Q2-2018
24-Apr-18,24,4,Apr,2018,Q2,Q2-2018
25-Apr-18,25,4,Apr,2018,Q2,Q2-2018
26-Apr-18,26,4,Apr,2018,Q2,Q2-2018
27-Apr-18,27,4,Apr,2018,Q2,Q2-2018
28-Apr-18,28,4,Apr,2018,Q2,Q2-2018
29-Apr-18,29,4,Apr,2018,Q2,Q2-2018
30-Apr-18,30,4,Apr,2018,Q2,Q2-2018
01-May-18,1,5,May,2018,Q2,Q2-2018
02-May-18,2,5,May,2018,Q2,Q2-2018
03-May-18,3,5,May,2018,Q2,Q2-2018
04-May-18,4,5,May,2018,Q2,Q2-2018
05-May-18,5,5,May,2018,Q2,Q2-2018
06-May-18,6,5,May,2018,Q2,Q2-2018
07-May-18,7,5,May,2018,Q2,Q2-2018
08-May-18,8,5,May,2018,Q2,Q2-2018
09-May-18,9,5,May,2018,Q2,Q2-2018
10-May-18,10,5,May,2018,Q2,Q2-2018
11-May-18,11,5,May,2018,Q2,Q2-2018
12-May-18,12,5,May,2018,Q2,Q2-2018
13-May-18,13,5,May,2018,Q2,Q2-2018
14-May-18,14,5,May,2018,Q2,Q2-2018
15-May-18,15,5,May,2018,Q2,Q2-2018
16-May-18,16,5,May,2018,Q2,Q2-2018
17-May-18,17,5,May,2018,Q2,Q2-2018
18-May-18,18,5,May,2018,Q2,Q2-2018
19-May-18,19,5,May,2018,Q2,Q2-2018
20-May-18,20,5,May,2018,Q2,Q2-2018
21-May-18,21,5,May,2018,Q2,Q2-2018
22-May-18,22,5,May,2018,Q2,Q2-2018
23-May-18,23,5,May,2018,Q2,Q2-2018
24-May-18,24,5,May,2018,Q2,Q2-2018
25-May-18,25,5,May,2018,Q2,Q2-2018
26-May-18,26,5,May,2018,Q2,Q2-2018
27-May-18,27,5,May,2018,Q2,Q2-2018
28-May-18,28,5,May,2018,Q2,Q2-2018
29-May-18,29,5,May,2018,Q2,Q2-2018
30-May-18,30,5,May,2018,Q2,Q2-2018
31-May-18,31,5,May,2018,Q2,Q2-2018
01-Jun-18,1,6,Jun,2018,Q2,Q2-2018
02-Jun-18,2,6,Jun,2018,Q2,Q2-2018
03-Jun-18,3,6,Jun,2018,Q2,Q2-2018
04-Jun-18,4,6,Jun,2018,Q2,Q2-2018
05-Jun-18,5,6,Jun,2018,Q2,Q2-2018
06-Jun-18,6,6,Jun,2018,Q2,Q2-2018
07-Jun-18,7,6,Jun,2018,Q2,Q2-2018
08-Jun-18,8,6,Jun,2018,Q2,Q2-2018
09-Jun-18,9,6,Jun,2018,Q2,Q2-2018
10-Jun-18,10,6,Jun,2018,Q2,Q2-2018
11-Jun-18,11,6,Jun,2018,Q2,Q2-2018
12-Jun-18,12,6,Jun,2018,Q2,Q2-2018
13-Jun-18,13,6,Jun,2018,Q2,Q2-2018
14-Jun-18,14,6,Jun,2018,Q2,Q2-2018
15-Jun-18,15,6,Jun,2018,Q2,Q2-2018
16-Jun-18,16,6,Jun,2018,Q2,Q2-2018
17-Jun-18,17,6,Jun,2018,Q2,Q2-2018
18-Jun-18,18,6,Jun,2018,Q2,Q2-2018
19-Jun-18,19,6,Jun,2018,Q2,Q2-2018
20-Jun-18,20,6,Jun,2018,Q2,Q2-2018
21-Jun-18,21,6,Jun,2018,Q2,Q2-2018
22-Jun-18,22,6,Jun,2018,Q2,Q2-2018
23-Jun-18,23,6,Jun,2018,Q2,Q2-2018
24-Jun-18,24,6,Jun,2018,Q2,Q2-2018
25-Jun-18,25,6,Jun,2018,Q2,Q2-2018
26-Jun-18,26,6,Jun,2018,Q2,Q2-2018
27-Jun-18,27,6,Jun,2018,Q2,Q2-2018
28-Jun-18,28,6,Jun,2018,Q2,Q2-2018
29-Jun-18,29,6,Jun,2018,Q2,Q2-2018
30-Jun-18,30,6,Jun,2018,Q2,Q2-2018
01-Jul-18,1,7,Jul,2018,Q3,Q3-2018
02-Jul-18,2,7,Jul,2018,Q3,Q3-2018
03-Jul-18,3,7,Jul,2018,Q3,Q3-2018
04-Jul-18,4,7,Jul,2018,Q3,Q3-2018
05-Jul-18,5,7,Jul,2018,Q3,Q3-2018
06-Jul-18,6,7,Jul,2018,Q3,Q3-2018
07-Jul-18,7,7,Jul,2018,Q3,Q3-2018
08-Jul-18,8,7,Jul,2018,Q3,Q3-2018
09-Jul-18,9,7,Jul,2018,Q3,Q3-2018
10-Jul-18,10,7,Jul,2018,Q3,Q3-2018
11-Jul-18,11,7,Jul,2018,Q3,Q3-2018
12-Jul-18,12,7,Jul,2018,Q3,Q3-2018
13-Jul-18,13,7,Jul,2018,Q3,Q3-2018
14-Jul-18,14,7,Jul,2018,Q3,Q3-2018
15-Jul-18,15,7,Jul,2018,Q3,Q3-2018
16-Jul-18,16,7,Jul,2018,Q3,Q3-2018
17-Jul-18,17,7,Jul,2018,Q3,Q3-2018
18-Jul-18,18,7,Jul,2018,Q3,Q3-2018
19-Jul-18,19,7,Jul,2018,Q3,Q3-2018
20-Jul-18,20,7,Jul,2018,Q3,Q3-2018
21-Jul-18,21,7,Jul,2018,Q3,Q3-2018
22-Jul-18,22,7,Jul,2018,Q3,Q3-2018
23-Jul-18,23,7,Jul,2018,Q3,Q3-2018
24-Jul-18,24,7,Jul,2018,Q3,Q3-2018
25-Jul-18,25,7,Jul,2018,Q3,Q3-2018
26-Jul-18,26,7,Jul,2018,Q3,Q3-2018
27-Jul-18,27,7,Jul,2018,Q3,Q3-2018
28-Jul-18,28,7,Jul,2018,Q3,Q3-2018
29-Jul-18,29,7,Jul,2018,Q3,Q3-2018
30-Jul-18,30,7,Jul,2018,Q3,Q3-2018
31-Jul-18,31,7,Jul,2018,Q3,Q3-2018
01-Aug-18,1,8,Aug,2018,Q3,Q3-2018
02-Aug-18,2,8,Aug,2018,Q3,Q3-2018
03-Aug-18,3,8,Aug,2018,Q3,Q3-2018
04-Aug-18,4,8,Aug,2018,Q3,Q3-2018
05-Aug-18,5,8,Aug,2018,Q3,Q3-2018
06-Aug-18,6,8,Aug,2018,Q3,Q3-2018
07-Aug-18,7,8,Aug,2018,Q3,Q3-2018
08-Aug-18,8,8,Aug,2018,Q3,Q3-2018
09-Aug-18,9,8,Aug,2018,Q3,Q3-2018
10-Aug-18,10,8,Aug,2018,Q3,Q3-2018
11-Aug-18,11,8,Aug,2018,Q3,Q3-2018
12-Aug-18,12,8,Aug,2018,Q3,Q3-2018
13-Aug-18,13,8,Aug,2018,Q3,Q3-2018
14-Aug-18,14,8,Aug,2018,Q3,Q3-2018
15-Aug-18,15,8,Aug,2018,Q3,Q3-2018
16-Aug-18,16,8,Aug,2018,Q3,Q3-2018
17-Aug-18,17,8,Aug,2018,Q3,Q3-2018
18-Aug-18,18,8,Aug,2018,Q3,Q3-2018
19-Aug-18,19,8,Aug,2018,Q3,Q3-2018
20-Aug-18,20,8,Aug,2018,Q3,Q3-2018
21-Aug-18,21,8,Aug,2018,Q3,Q3-2018
22-Aug-18,22,8,Aug,2018,Q3,Q3-2018
23-Aug-18,23,8,Aug,2018,Q3,Q3-2018
24-Aug-18,24,8,Aug,2018,Q3,Q3-2018
25-Aug-18,25,8,Aug,2018,Q3,Q3-2018
26-Aug-18,26,8,Aug,2018,Q3,Q3-2018
27-Aug-18,27,8,Aug,2018,Q3,Q3-2018
28-Aug-18,28,8,Aug,2018,Q3,Q3-2018
29-Aug-18,29,8,Aug,2018,Q3,Q3-2018
30-Aug-18,30,8,Aug,2018,Q3,Q3-2018
31-Aug-18,31,8,Aug,2018,Q3,Q3-2018
01-Sep-18,1,9,Sept,2018,Q3,Q3-2018
02-Sep-18,2,9,Sept,2018,Q3,Q3-2018
03-Sep-18,3,9,Sept,2018,Q3,Q3-2018
04-Sep-18,4,9,Sept,2018,Q3,Q3-2018
05-Sep-18,5,9,Sept,2018,Q3,Q3-2018
06-Sep-18,6,9,Sept,2018,Q3,Q3-2018
07-Sep-18,7,9,Sept,2018,Q3,Q3-2018
08-Sep-18,8,9,Sept,2018,Q3,Q3-2018
09-Sep-18,9,9,Sept,2018,Q3,Q3-2018
10-Sep-18,10,9,Sept,2018,Q3,Q3-2018
11-Sep-18,11,9,Sept,2018,Q3,Q3-2018
12-Sep-18,12,9,Sept,2018,Q3,Q3-2018
13-Sep-18,13,9,Sept,2018,Q3,Q3-2018
14-Sep-18,14,9,Sept,2018,Q3,Q3-2018
15-Sep-18,15,9,Sept,2018,Q3,Q3-2018
16-Sep-18,16,9,Sept,2018,Q3,Q3-2018
17-Sep-18,17,9,Sept,2018,Q3,Q3-2018
18-Sep-18,18,9,Sept,2018,Q3,Q3-2018
19-Sep-18,19,9,Sept,2018,Q3,Q3-2018
20-Sep-18,20,9,Sept,2018,Q3,Q3-2018
21-Sep-18,21,9,Sept,2018,Q3,Q3-2018
22-Sep-18,22,9,Sept,2018,Q3,Q3-2018
23-Sep-18,23,9,Sept,2018,Q3,Q3-2018
24-Sep-18,24,9,Sept,2018,Q3,Q3-2018
25-Sep-18,25,9,Sept,2018,Q3,Q3-2018
26-Sep-18,26,9,Sept,2018,Q3,Q3-2018
27-Sep-18,27,9,Sept,2018,Q3,Q3-2018
28-Sep-18,28,9,Sept,2018,Q3,Q3-2018
29-Sep-18,29,9,Sept,2018,Q3,Q3-2018
30-Sep-18,30,9,Sept,2018,Q3,Q3-2018
01-Oct-18,1,10,Oct,2018,Q4,Q4-2018
02-Oct-18,2,10,Oct,2018,Q4,Q4-2018
03-Oct-18,3,10,Oct,2018,Q4,Q4-2018
04-Oct-18,4,10,Oct,2018,Q4,Q4-2018
05-Oct-18,5,10,Oct,2018,Q4,Q4-2018
06-Oct-18,6,10,Oct,2018,Q4,Q4-2018
07-Oct-18,7,10,Oct,2018,Q4,Q4-2018
08-Oct-18,8,10,Oct,2018,Q4,Q4-2018
09-Oct-18,9,10,Oct,2018,Q4,Q4-2018
10-Oct-18,10,10,Oct,2018,Q4,Q4-2018
11-Oct-18,11,10,Oct,2018,Q4,Q4-2018
12-Oct-18,12,10,Oct,2018,Q4,Q4-2018
13-Oct-18,13,10,Oct,2018,Q4,Q4-2018
14-Oct-18,14,10,Oct,2018,Q4,Q4-2018
15-Oct-18,15,10,Oct,2018,Q4,Q4-2018
16-Oct-18,16,10,Oct,2018,Q4,Q4-2018
17-Oct-18,17,10,Oct,2018,Q4,Q4-2018
18-Oct-18,18,10,Oct,2018,Q4,Q4-2018
19-Oct-18,19,10,Oct,2018,Q4,Q4-2018
20-Oct-18,20,10,Oct,2018,Q4,Q4-2018
21-Oct-18,21,10,Oct,2018,Q4,Q4-2018
22-Oct-18,22,10,Oct,2018,Q4,Q4-2018
23-Oct-18,23,10,Oct,2018,Q4,Q4-2018
24-Oct-18,24,10,Oct,2018,Q4,Q4-2018
25-Oct-18,25,10,Oct,2018,Q4,Q4-2018
26-Oct-18,26,10,Oct,2018,Q4,Q4-2018
27-Oct-18,27,10,Oct,2018,Q4,Q4-2018
28-Oct-18,28,10,Oct,2018,Q4,Q4-2018
29-Oct-18,29,10,Oct,2018,Q4,Q4-2018
30-Oct-18,30,10,Oct,2018,Q4,Q4-2018
31-Oct-18,31,10,Oct,2018,Q4,Q4-2018
01-Nov-18,1,11,Nov,2018,Q4,Q4-2018
02-Nov-18,2,11,Nov,2018,Q4,Q4-2018
03-Nov-18,3,11,Nov,2018,Q4,Q4-2018
04-Nov-18,4,11,Nov,2018,Q4,Q4-2018
05-Nov-18,5,11,Nov,2018,Q4,Q4-2018
06-Nov-18,6,11,Nov,2018,Q4,Q4-2018
07-Nov-18,7,11,Nov,2018,Q4,Q4-2018
08-Nov-18,8,11,Nov,2018,Q4,Q4-2018
09-Nov-18,9,11,Nov,2018,Q4,Q4-2018
10-Nov-18,10,11,Nov,2018,Q4,Q4-2018
11-Nov-18,11,11,Nov,2018,Q4,Q4-2018
12-Nov-18,12,11,Nov,2018,Q4,Q4-2018
13-Nov-18,13,11,Nov,2018,Q4,Q4-2018
14-Nov-18,14,11,Nov,2018,Q4,Q4-2018
15-Nov-18,15,11,Nov,2018,Q4,Q4-2018
16-Nov-18,16,11,Nov,2018,Q4,Q4-2018
17-Nov-18,17,11,Nov,2018,Q4,Q4-2018
18-Nov-18,18,11,Nov,2018,Q4,Q4-2018
19-Nov-18,19,11,Nov,2018,Q4,Q4-2018
20-Nov-18,20,11,Nov,2018,Q4,Q4-2018
21-Nov-18,21,11,Nov,2018,Q4,Q4-2018
22-Nov-18,22,11,Nov,2018,Q4,Q4-2018
23-Nov-18,23,11,Nov,2018,Q4,Q4-2018
24-Nov-18,24,11,Nov,2018,Q4,Q4-2018
25-Nov-18,25,11,Nov,2018,Q4,Q4-2018
26-Nov-18,26,11,Nov,2018,Q4,Q4-2018
27-Nov-18,27,11,Nov,2018,Q4,Q4-2018
28-Nov-18,28,11,Nov,2018,Q4,Q4-2018
29-Nov-18,29,11,Nov,2018,Q4,Q4-2018
30-Nov-18,30,11,Nov,2018,Q4,Q4-2018
01-Dec-18,1,12,Dec,2018,Q4,Q4-2018
02-Dec-18,2,12,Dec,2018,Q4,Q4-2018
03-Dec-18,3,12,Dec,2018,Q4,Q4-2018
04-Dec-18,4,12,Dec,2018,Q4,Q4-2018
05-Dec-18,5,12,Dec,2018,Q4,Q4-2018
06-Dec-18,6,12,Dec,2018,Q4,Q4-2018
07-Dec-18,7,12,Dec,2018,Q4,Q4-2018
08-Dec-18,8,12,Dec,2018,Q4,Q4-2018
09-Dec-18,9,12,Dec,2018,Q4,Q4-2018
10-Dec-18,10,12,Dec,2018,Q4,Q4-2018
11-Dec-18,11,12,Dec,2018,Q4,Q4-2018
12-Dec-18,12,12,Dec,2018,Q4,Q4-2018
13-Dec-18,13,12,Dec,2018,Q4,Q4-2018
14-Dec-18,14,12,Dec,2018,Q4,Q4-2018
15-Dec-18,15,12,Dec,2018,Q4,Q4-2018
16-Dec-18,16,12,Dec,2018,Q4,Q4-2018
17-Dec-18,17,12,Dec,2018,Q4,Q4-2018
18-Dec-18,18,12,Dec,2018,Q4,Q4-2018
19-Dec-18,19,12,Dec,2018,Q4,Q4-2018
20-Dec-18,20,12,Dec,2018,Q4,Q4-2018
21-Dec-18,21,12,Dec,2018,Q4,Q4-2018
22-Dec-18,22,12,Dec,2018,Q4,Q4-2018
23-Dec-18,23,12,Dec,2018,Q4,Q4-2018
24-Dec-18,24,12,Dec,2018,Q4,Q4-2018
25-Dec-18,25,12,Dec,2018,Q4,Q4-2018
26-Dec-18,26,12,Dec,2018,Q4,Q4-2018
27-Dec-18,27,12,Dec,2018,Q4,Q4-2018
28-Dec-18,28,12,Dec,2018,Q4,Q4-2018
29-Dec-18,29,12,Dec,2018,Q4,Q4-2018
30-Dec-18,30,12,Dec,2018,Q4,Q4-2018
31-Dec-18,31,12,Dec,2018,Q4,Q4-2018
01-Jan-19,1,1,Jan,2019,Q1,Q1-2019
02-Jan-19,2,1,Jan,2019,Q1,Q1-2019
03-Jan-19,3,1,Jan,2019,Q1,Q1-2019
04-Jan-19,4,1,Jan,2019,Q1,Q1-2019
05-Jan-19,5,1,Jan,2019,Q1,Q1-2019
06-Jan-19,6,1,Jan,2019,Q1,Q1-2019
07-Jan-19,7,1,Jan,2019,Q1,Q1-2019
08-Jan-19,8,1,Jan,2019,Q1,Q1-2019
09-Jan-19,9,1,Jan,2019,Q1,Q1-2019
10-Jan-19,10,1,Jan,2019,Q1,Q1-2019
11-Jan-19,11,1,Jan,2019,Q1,Q1-2019
12-Jan-19,12,1,Jan,2019,Q1,Q1-2019
13-Jan-19,13,1,Jan,2019,Q1,Q1-2019
14-Jan-19,14,1,Jan,2019,Q1,Q1-2019
15-Jan-19,15,1,Jan,2019,Q1,Q1-2019
16-Jan-19,16,1,Jan,2019,Q1,Q1-2019
17-Jan-19,17,1,Jan,2019,Q1,Q1-2019
18-Jan-19,18,1,Jan,2019,Q1,Q1-2019
19-Jan-19,19,1,Jan,2019,Q1,Q1-2019
20-Jan-19,20,1,Jan,2019,Q1,Q1-2019
21-Jan-19,21,1,Jan,2019,Q1,Q1-2019
22-Jan-19,22,1,Jan,2019,Q1,Q1-2019
23-Jan-19,23,1,Jan,2019,Q1,Q1-2019
24-Jan-19,24,1,Jan,2019,Q1,Q1-2019
25-Jan-19,25,1,Jan,2019,Q1,Q1-2019
26-Jan-19,26,1,Jan,2019,Q1,Q1-2019
27-Jan-19,27,1,Jan,2019,Q1,Q1-2019
28-Jan-19,28,1,Jan,2019,Q1,Q1-2019
29-Jan-19,29,1,Jan,2019,Q1,Q1-2019
30-Jan-19,30,1,Jan,2019,Q1,Q1-2019
31-Jan-19,31,1,Jan,2019,Q1,Q1-2019
01-Feb-19,1,2,Feb,2019,Q1,Q1-2019
02-Feb-19,2,2,Feb,2019,Q1,Q1-2019
03-Feb-19,3,2,Feb,2019,Q1,Q1-2019
04-Feb-19,4,2,Feb,2019,Q1,Q1-2019
05-Feb-19,5,2,Feb,2019,Q1,Q1-2019
06-Feb-19,6,2,Feb,2019,Q1,Q1-2019
07-Feb-19,7,2,Feb,2019,Q1,Q1-2019
08-Feb-19,8,2,Feb,2019,Q1,Q1-2019
09-Feb-19,9,2,Feb,2019,Q1,Q1-2019
10-Feb-19,10,2,Feb,2019,Q1,Q1-2019
11-Feb-19,11,2,Feb,2019,Q1,Q1-2019
12-Feb-19,12,2,Feb,2019,Q1,Q1-2019
13-Feb-19,13,2,Feb,2019,Q1,Q1-2019
14-Feb-19,14,2,Feb,2019,Q1,Q1-2019
15-Feb-19,15,2,Feb,2019,Q1,Q1-2019
16-Feb-19,16,2,Feb,2019,Q1,Q1-2019
17-Feb-19,17,2,Feb,2019,Q1,Q1-2019
18-Feb-19,18,2,Feb,2019,Q1,Q1-2019
19-Feb-19,19,2,Feb,2019,Q1,Q1-2019
20-Feb-19,20,2,Feb,2019,Q1,Q1-2019
21-Feb-19,21,2,Feb,2019,Q1,Q1-2019
22-Feb-19,22,2,Feb,2019,Q1,Q1-2019
23-Feb-19,23,2,Feb,2019,Q1,Q1-2019
24-Feb-19,24,2,Feb,2019,Q1,Q1-2019
25-Feb-19,25,2,Feb,2019,Q1,Q1-2019
26-Feb-19,26,2,Feb,2019,Q1,Q1-2019
27-Feb-19,27,2,Feb,2019,Q1,Q1-2019
28-Feb-19,28,2,Feb,2019,Q1,Q1-2019
01-Mar-19,1,3,Mar,2019,Q1,Q1-2019
02-Mar-19,2,3,Mar,2019,Q1,Q1-2019
03-Mar-19,3,3,Mar,2019,Q1,Q1-2019
04-Mar-19,4,3,Mar,2019,Q1,Q1-2019
05-Mar-19,5,3,Mar,2019,Q1,Q1-2019
06-Mar-19,6,3,Mar,2019,Q1,Q1-2019
07-Mar-19,7,3,Mar,2019,Q1,Q1-2019
08-Mar-19,8,3,Mar,2019,Q1,Q1-2019
09-Mar-19,9,3,Mar,2019,Q1,Q1-2019
10-Mar-19,10,3,Mar,2019,Q1,Q1-2019
11-Mar-19,11,3,Mar,2019,Q1,Q1-2019
12-Mar-19,12,3,Mar,2019,Q1,Q1-2019
13-Mar-19,13,3,Mar,2019,Q1,Q1-2019
14-Mar-19,14,3,Mar,2019,Q1,Q1-2019
15-Mar-19,15,3,Mar,2019,Q1,Q1-2019
16-Mar-19,16,3,Mar,2019,Q1,Q1-2019
17-Mar-19,17,3,Mar,2019,Q1,Q1-2019
18-Mar-19,18,3,Mar,2019,Q1,Q1-2019
19-Mar-19,19,3,Mar,2019,Q1,Q1-2019
20-Mar-19,20,3,Mar,2019,Q1,Q1-2019
21-Mar-19,21,3,Mar,2019,Q1,Q1-2019
22-Mar-19,22,3,Mar,2019,Q1,Q1-2019
23-Mar-19,23,3,Mar,2019,Q1,Q1-2019
24-Mar-19,24,3,Mar,2019,Q1,Q1-2019
25-Mar-19,25,3,Mar,2019,Q1,Q1-2019
26-Mar-19,26,3,Mar,2019,Q1,Q1-2019
27-Mar-19,27,3,Mar,2019,Q1,Q1-2019
28-Mar-19,28,3,Mar,2019,Q1,Q1-2019
29-Mar-19,29,3,Mar,2019,Q1,Q1-2019
30-Mar-19,30,3,Mar,2019,Q1,Q1-2019
31-Mar-19,31,3,Mar,2019,Q1,Q1-2019
01-Apr-19,1,4,Apr,2019,Q2,Q2-2019
02-Apr-19,2,4,Apr,2019,Q2,Q2-2019
03-Apr-19,3,4,Apr,2019,Q2,Q2-2019
04-Apr-19,4,4,Apr,2019,Q2,Q2-2019
05-Apr-19,5,4,Apr,2019,Q2,Q2-2019
06-Apr-19,6,4,Apr,2019,Q2,Q2-2019
07-Apr-19,7,4,Apr,2019,Q2,Q2-2019
08-Apr-19,8,4,Apr,2019,Q2,Q2-2019
09-Apr-19,9,4,Apr,2019,Q2,Q2-2019
10-Apr-19,10,4,Apr,2019,Q2,Q2-2019
11-Apr-19,11,4,Apr,2019,Q2,Q2-2019
12-Apr-19,12,4,Apr,2019,Q2,Q2-2019
13-Apr-19,13,4,Apr,2019,Q2,Q2-2019
14-Apr-19,14,4,Apr,2019,Q2,Q2-2019
15-Apr-19,15,4,Apr,2019,Q2,Q2-2019
16-Apr-19,16,4,Apr,2019,Q2,Q2-2019
17-Apr-19,17,4,Apr,2019,Q2,Q2-2019
18-Apr-19,18,4,Apr,2019,Q2,Q2-2019
19-Apr-19,19,4,Apr,2019,Q2,Q2-2019
20-Apr-19,20,4,Apr,2019,Q2,Q2-2019
21-Apr-19,21,4,Apr,2019,Q2,Q2-2019
22-Apr-19,22,4,Apr,2019,Q2,Q2-2019
23-Apr-19,23,4,Apr,2019,Q2,Q2-2019
24-Apr-19,24,4,Apr,2019,Q2,Q2-2019
25-Apr-19,25,4,Apr,2019,Q2,Q2-2019
26-Apr-19,26,4,Apr,2019,Q2,Q2-2019
27-Apr-19,27,4,Apr,2019,Q2,Q2-2019
28-Apr-19,28,4,Apr,2019,Q2,Q2-2019
29-Apr-19,29,4,Apr,2019,Q2,Q2-2019
30-Apr-19,30,4,Apr,2019,Q2,Q2-2019
01-May-19,1,5,May,2019,Q2,Q2-2019
02-May-19,2,5,May,2019,Q2,Q2-2019
03-May-19,3,5,May,2019,Q2,Q2-2019
04-May-19,4,5,May,2019,Q2,Q2-2019
05-May-19,5,5,May,2019,Q2,Q2-2019
06-May-19,6,5,May,2019,Q2,Q2-2019
07-May-19,7,5,May,2019,Q2,Q2-2019
08-May-19,8,5,May,2019,Q2,Q2-2019
09-May-19,9,5,May,2019,Q2,Q2-2019
10-May-19,10,5,May,2019,Q2,Q2-2019
11-May-19,11,5,May,2019,Q2,Q2-2019
12-May-19,12,5,May,2019,Q2,Q2-2019
13-May-19,13,5,May,2019,Q2,Q2-2019
14-May-19,14,5,May,2019,Q2,Q2-2019
15-May-19,15,5,May,2019,Q2,Q2-2019
16-May-19,16,5,May,2019,Q2,Q2-2019
17-May-19,17,5,May,2019,Q2,Q2-2019
18-May-19,18,5,May,2019,Q2,Q2-2019
19-May-19,19,5,May,2019,Q2,Q2-2019
20-May-19,20,5,May,2019,Q2,Q2-2019
21-May-19,21,5,May,2019,Q2,Q2-2019
22-May-19,22,5,May,2019,Q2,Q2-2019
23-May-19,23,5,May,2019,Q2,Q2-2019
24-May-19,24,5,May,2019,Q2,Q2-2019
25-May-19,25,5,May,2019,Q2,Q2-2019
26-May-19,26,5,May,2019,Q2,Q2-2019
27-May-19,27,5,May,2019,Q2,Q2-2019
28-May-19,28,5,May,2019,Q2,Q2-2019
29-May-19,29,5,May,2019,Q2,Q2-2019
30-May-19,30,5,May,2019,Q2,Q2-2019
31-May-19,31,5,May,2019,Q2,Q2-2019
01-Jun-19,1,6,Jun,2019,Q2,Q2-2019
02-Jun-19,2,6,Jun,2019,Q2,Q2-2019
03-Jun-19,3,6,Jun,2019,Q2,Q2-2019
04-Jun-19,4,6,Jun,2019,Q2,Q2-2019
05-Jun-19,5,6,Jun,2019,Q2,Q2-2019
06-Jun-19,6,6,Jun,2019,Q2,Q2-2019
07-Jun-19,7,6,Jun,2019,Q2,Q2-2019
08-Jun-19,8,6,Jun,2019,Q2,Q2-2019
09-Jun-19,9,6,Jun,2019,Q2,Q2-2019
10-Jun-19,10,6,Jun,2019,Q2,Q2-2019
11-Jun-19,11,6,Jun,2019,Q2,Q2-2019
12-Jun-19,12,6,Jun,2019,Q2,Q2-2019
13-Jun-19,13,6,Jun,2019,Q2,Q2-2019
14-Jun-19,14,6,Jun,2019,Q2,Q2-2019
15-Jun-19,15,6,Jun,2019,Q2,Q2-2019
16-Jun-19,16,6,Jun,2019,Q2,Q2-2019
17-Jun-19,17,6,Jun,2019,Q2,Q2-2019
18-Jun-19,18,6,Jun,2019,Q2,Q2-2019
19-Jun-19,19,6,Jun,2019,Q2,Q2-2019
20-Jun-19,20,6,Jun,2019,Q2,Q2-2019
21-Jun-19,21,6,Jun,2019,Q2,Q2-2019
22-Jun-19,22,6,Jun,2019,Q2,Q2-2019
23-Jun-19,23,6,Jun,2019,Q2,Q2-2019
24-Jun-19,24,6,Jun,2019,Q2,Q2-2019
25-Jun-19,25,6,Jun,2019,Q2,Q2-2019
26-Jun-19,26,6,Jun,2019,Q2,Q2-2019
27-Jun-19,27,6,Jun,2019,Q2,Q2-2019
28-Jun-19,28,6,Jun,2019,Q2,Q2-2019
29-Jun-19,29,6,Jun,2019,Q2,Q2-2019
30-Jun-19,30,6,Jun,2019,Q2,Q2-2019
